timebar_1m,symbol,open_price,high_price,low_price,close_price,volume
2020-06-27T00:00:00Z,XBTUSD,9148.500000,9148.500000,9148.000000,9148.500000,4839,
2020-06-27T00:01:00Z,XBTUSD,9148.500000,9153.500000,9148.500000,9153.500000,2455830,
2020-06-27T00:02:00Z,XBTUSD,9153.500000,9153.500000,9148.000000,9148.000000,1044241,
2020-06-27T00:03:00Z,XBTUSD,9148.000000,9148.500000,9131.500000,9131.500000,2664147,
2020-06-27T00:04:00Z,XBTUSD,9131.500000,9135.500000,9131.500000,9135.000000,866724,
2020-06-27T00:05:00Z,XBTUSD,9135.000000,9135.500000,9124.000000,9131.500000,2057330,
2020-06-27T00:06:00Z,XBTUSD,9131.500000,9131.500000,9120.500000,9124.500000,1432326,
2020-06-27T00:07:00Z,XBTUSD,9124.500000,9124.500000,9115.500000,9119.500000,2526629,
2020-06-27T00:08:00Z,XBTUSD,9119.500000,9123.000000,9119.500000,9123.000000,435629,
2020-06-27T00:09:00Z,XBTUSD,9123.000000,9128.500000,9123.000000,9128.500000,875298,
2020-06-27T00:10:00Z,XBTUSD,9128.500000,9131.500000,9128.000000,9131.500000,1769910,
2020-06-27T00:11:00Z,XBTUSD,9131.500000,9131.500000,9123.000000,9123.000000,1981243,
2020-06-27T00:12:00Z,XBTUSD,9123.000000,9123.500000,9121.500000,9122.000000,544209,
2020-06-27T00:13:00Z,XBTUSD,9122.000000,9126.500000,9122.000000,9126.500000,336065,
2020-06-27T00:14:00Z,XBTUSD,9126.500000,9140.500000,9126.500000,9140.000000,1770021,
2020-06-27T00:15:00Z,XBTUSD,9140.000000,9140.500000,9135.500000,9135.500000,205112,
2020-06-27T00:16:00Z,XBTUSD,9135.500000,9136.000000,9133.500000,9134.000000,216293,
2020-06-27T00:17:00Z,XBTUSD,9134.000000,9134.000000,9131.500000,9132.000000,417780,
2020-06-27T00:18:00Z,XBTUSD,9132.000000,9131.500000,9123.500000,9123.500000,525514,
2020-06-27T00:19:00Z,XBTUSD,9123.500000,9124.000000,9122.000000,9122.000000,196528,
2020-06-27T00:20:00Z,XBTUSD,9122.000000,9122.000000,9121.000000,9121.000000,405808,
2020-06-27T00:21:00Z,XBTUSD,9121.000000,9121.000000,9120.000000,9120.500000,276553,
2020-06-27T00:22:00Z,XBTUSD,9120.500000,9123.000000,9120.000000,9122.500000,988313,
2020-06-27T00:23:00Z,XBTUSD,9122.500000,9123.000000,9110.500000,9111.000000,2437859,
2020-06-27T00:24:00Z,XBTUSD,9111.000000,9111.000000,9110.500000,9111.000000,94358,
2020-06-27T00:25:00Z,XBTUSD,9111.000000,9114.000000,9110.500000,9114.000000,2482011,
2020-06-27T00:26:00Z,XBTUSD,9114.000000,9117.000000,9113.500000,9116.500000,220888,
2020-06-27T00:27:00Z,XBTUSD,9116.500000,9117.000000,9116.500000,9117.000000,181685,
2020-06-27T00:28:00Z,XBTUSD,9117.000000,9117.000000,9116.500000,9117.000000,151980,
2020-06-27T00:29:00Z,XBTUSD,9117.000000,9117.000000,9116.500000,9117.000000,142239,
2020-06-27T00:30:00Z,XBTUSD,9117.000000,9117.000000,9116.500000,9116.500000,485317,
2020-06-27T00:31:00Z,XBTUSD,9116.500000,9117.000000,9116.000000,9116.000000,1134464,
2020-06-27T00:32:00Z,XBTUSD,9116.000000,9116.500000,9116.000000,9116.000000,86406,
2020-06-27T00:33:00Z,XBTUSD,9116.000000,9116.500000,9115.500000,9115.500000,899877,
2020-06-27T00:34:00Z,XBTUSD,9115.500000,9116.000000,9115.500000,9115.500000,174685,
2020-06-27T00:35:00Z,XBTUSD,9115.500000,9116.000000,9115.000000,9115.000000,75128,
2020-06-27T00:36:00Z,XBTUSD,9115.000000,9115.000000,9112.500000,9112.500000,1286538,
2020-06-27T00:37:00Z,XBTUSD,9112.500000,9113.000000,9112.500000,9112.500000,288286,
2020-06-27T00:38:00Z,XBTUSD,9112.500000,9113.000000,9108.500000,9108.500000,2564263,
2020-06-27T00:39:00Z,XBTUSD,9108.500000,9109.000000,9108.500000,9108.500000,409862,
2020-06-27T00:40:00Z,XBTUSD,9108.500000,9109.000000,9108.500000,9108.500000,193392,
2020-06-27T00:41:00Z,XBTUSD,9108.500000,9109.000000,9108.500000,9109.000000,285845,
2020-06-27T00:42:00Z,XBTUSD,9109.000000,9109.000000,9108.500000,9108.500000,117990,
2020-06-27T00:43:00Z,XBTUSD,9108.500000,9109.000000,9108.500000,9108.500000,94317,
2020-06-27T00:44:00Z,XBTUSD,9108.500000,9109.000000,9102.000000,9102.500000,1298974,
2020-06-27T00:45:00Z,XBTUSD,9102.500000,9108.000000,9102.500000,9107.500000,846101,
2020-06-27T00:46:00Z,XBTUSD,9107.500000,9114.000000,9107.500000,9114.000000,555505,
2020-06-27T00:47:00Z,XBTUSD,9114.000000,9118.000000,9113.500000,9118.000000,755903,
2020-06-27T00:48:00Z,XBTUSD,9118.000000,9122.500000,9118.000000,9122.500000,1194294,
2020-06-27T00:49:00Z,XBTUSD,9122.500000,9122.500000,9122.000000,9122.500000,185340,
2020-06-27T00:50:00Z,XBTUSD,9122.500000,9122.500000,9122.000000,9122.500000,136286,
2020-06-27T00:51:00Z,XBTUSD,9122.500000,9122.500000,9122.000000,9122.000000,108053,
2020-06-27T00:52:00Z,XBTUSD,9122.000000,9122.500000,9122.000000,9122.000000,169067,
2020-06-27T00:53:00Z,XBTUSD,9122.000000,9122.500000,9122.000000,9122.500000,25589,
2020-06-27T00:54:00Z,XBTUSD,9122.500000,9122.500000,9122.000000,9122.000000,79054,
2020-06-27T00:55:00Z,XBTUSD,9122.000000,9122.500000,9122.000000,9122.500000,29797,
2020-06-27T00:56:00Z,XBTUSD,9122.500000,9122.500000,9122.000000,9122.000000,34815,
2020-06-27T00:57:00Z,XBTUSD,9122.000000,9122.500000,9122.000000,9122.000000,25780,
2020-06-27T00:58:00Z,XBTUSD,9122.000000,9131.000000,9122.000000,9131.000000,780511,
2020-06-27T00:59:00Z,XBTUSD,9131.000000,9133.000000,9131.000000,9132.500000,199525,
2020-06-27T01:00:00Z,XBTUSD,9132.500000,9133.000000,9132.500000,9133.000000,173194,
2020-06-27T01:01:00Z,XBTUSD,9133.000000,9133.000000,9132.500000,9132.500000,174499,
2020-06-27T01:02:00Z,XBTUSD,9132.500000,9133.000000,9132.500000,9132.500000,513744,
2020-06-27T01:03:00Z,XBTUSD,9132.500000,9133.000000,9132.500000,9132.500000,449349,
2020-06-27T01:04:00Z,XBTUSD,9132.500000,9133.000000,9132.500000,9132.500000,106936,
2020-06-27T01:05:00Z,XBTUSD,9132.500000,9133.000000,9125.500000,9125.500000,1556979,
2020-06-27T01:06:00Z,XBTUSD,9125.500000,9126.000000,9125.500000,9126.000000,32342,
2020-06-27T01:07:00Z,XBTUSD,9126.000000,9126.000000,9125.500000,9126.000000,3160,
2020-06-27T01:08:00Z,XBTUSD,9126.000000,9126.000000,9113.000000,9113.000000,1383750,
2020-06-27T01:09:00Z,XBTUSD,9113.000000,9119.000000,9112.500000,9113.000000,694760,
2020-06-27T01:10:00Z,XBTUSD,9113.000000,9113.000000,9112.500000,9112.500000,11221,
2020-06-27T01:11:00Z,XBTUSD,9112.500000,9116.000000,9112.500000,9115.500000,804746,
2020-06-27T01:12:00Z,XBTUSD,9115.500000,9116.500000,9115.500000,9116.500000,310610,
2020-06-27T01:13:00Z,XBTUSD,9116.500000,9116.500000,9113.500000,9113.500000,156509,
2020-06-27T01:14:00Z,XBTUSD,9113.500000,9113.500000,9110.000000,9110.000000,132274,
2020-06-27T01:15:00Z,XBTUSD,9110.000000,9110.500000,9110.000000,9110.500000,140226,
2020-06-27T01:16:00Z,XBTUSD,9110.500000,9110.500000,9110.000000,9110.500000,71275,
2020-06-27T01:17:00Z,XBTUSD,9110.500000,9110.500000,9085.000000,9090.000000,6128221,
2020-06-27T01:18:00Z,XBTUSD,9090.000000,9100.000000,9084.500000,9099.500000,1906746,
2020-06-27T01:19:00Z,XBTUSD,9099.500000,9105.000000,9099.500000,9105.000000,389215,
2020-06-27T01:20:00Z,XBTUSD,9105.000000,9111.000000,9105.000000,9111.000000,584082,
2020-06-27T01:21:00Z,XBTUSD,9111.000000,9111.000000,9107.000000,9107.500000,1612425,
2020-06-27T01:22:00Z,XBTUSD,9107.500000,9107.500000,9105.500000,9106.000000,216305,
2020-06-27T01:23:00Z,XBTUSD,9106.000000,9106.000000,9105.500000,9106.000000,530785,
2020-06-27T01:24:00Z,XBTUSD,9106.000000,9110.000000,9105.500000,9109.500000,680181,
2020-06-27T01:25:00Z,XBTUSD,9109.500000,9119.000000,9109.500000,9119.000000,1135773,
2020-06-27T01:26:00Z,XBTUSD,9119.000000,9120.000000,9118.500000,9119.500000,364101,
2020-06-27T01:27:00Z,XBTUSD,9119.500000,9120.000000,9119.500000,9119.500000,342557,
2020-06-27T01:28:00Z,XBTUSD,9119.500000,9120.000000,9119.500000,9120.000000,15448,
2020-06-27T01:29:00Z,XBTUSD,9120.000000,9120.000000,9118.500000,9119.000000,1195531,
2020-06-27T01:30:00Z,XBTUSD,9119.000000,9119.000000,9118.500000,9119.000000,33240,
2020-06-27T01:31:00Z,XBTUSD,9119.000000,9132.000000,9118.500000,9132.000000,1166440,
2020-06-27T01:32:00Z,XBTUSD,9132.000000,9133.500000,9131.500000,9133.000000,604146,
2020-06-27T01:33:00Z,XBTUSD,9133.000000,9133.500000,9130.000000,9130.500000,179060,
2020-06-27T01:34:00Z,XBTUSD,9130.500000,9130.500000,9128.000000,9128.500000,219257,
2020-06-27T01:35:00Z,XBTUSD,9128.500000,9128.500000,9128.000000,9128.000000,167313,
2020-06-27T01:36:00Z,XBTUSD,9128.000000,9128.500000,9128.000000,9128.500000,81788,
2020-06-27T01:37:00Z,XBTUSD,9128.500000,9131.000000,9128.000000,9131.000000,238301,
2020-06-27T01:38:00Z,XBTUSD,9131.000000,9133.000000,9131.000000,9131.500000,432283,
2020-06-27T01:39:00Z,XBTUSD,9131.500000,9131.500000,9131.000000,9131.500000,13095,
2020-06-27T01:40:00Z,XBTUSD,9131.500000,9136.000000,9131.500000,9136.000000,495946,
2020-06-27T01:41:00Z,XBTUSD,9136.000000,9136.000000,9135.500000,9136.000000,274193,
2020-06-27T01:42:00Z,XBTUSD,9136.000000,9136.000000,9135.500000,9135.500000,330427,
2020-06-27T01:43:00Z,XBTUSD,9135.500000,9136.000000,9135.500000,9136.000000,300204,
2020-06-27T01:44:00Z,XBTUSD,9136.000000,9136.000000,9131.000000,9131.000000,182005,
2020-06-27T01:45:00Z,XBTUSD,9131.000000,9131.500000,9129.500000,9129.500000,156926,
2020-06-27T01:46:00Z,XBTUSD,9129.500000,9130.000000,9128.500000,9128.500000,473037,
2020-06-27T01:47:00Z,XBTUSD,9128.500000,9135.000000,9128.500000,9134.500000,151929,
2020-06-27T01:48:00Z,XBTUSD,9134.500000,9135.000000,9134.500000,9134.500000,118024,
2020-06-27T01:49:00Z,XBTUSD,9134.500000,9135.000000,9134.500000,9134.500000,1241,
2020-06-27T01:50:00Z,XBTUSD,9134.500000,9134.500000,9132.500000,9132.500000,120981,
2020-06-27T01:51:00Z,XBTUSD,9132.500000,9133.000000,9132.500000,9132.500000,22607,
2020-06-27T01:52:00Z,XBTUSD,9132.500000,9133.000000,9132.500000,9132.500000,136990,
2020-06-27T01:53:00Z,XBTUSD,9132.500000,9135.000000,9132.500000,9135.000000,475107,
2020-06-27T01:54:00Z,XBTUSD,9135.000000,9136.000000,9135.500000,9136.000000,174886,
2020-06-27T01:55:00Z,XBTUSD,9136.000000,9136.000000,9135.500000,9135.500000,88616,
2020-06-27T01:56:00Z,XBTUSD,9135.500000,9140.000000,9135.500000,9139.500000,372526,
2020-06-27T01:57:00Z,XBTUSD,9139.500000,9140.000000,9139.500000,9139.500000,90876,
2020-06-27T01:58:00Z,XBTUSD,9139.500000,9140.000000,9139.500000,9139.500000,15928,
2020-06-27T01:59:00Z,XBTUSD,9139.500000,9140.000000,9139.500000,9139.500000,6576,
2020-06-27T02:00:00Z,XBTUSD,9139.500000,9140.000000,9139.500000,9139.500000,44149,
2020-06-27T02:01:00Z,XBTUSD,9139.500000,9140.500000,9139.500000,9140.500000,973599,
2020-06-27T02:02:00Z,XBTUSD,9140.500000,9140.500000,9140.000000,9140.500000,130405,
2020-06-27T02:03:00Z,XBTUSD,9140.500000,9140.500000,9140.000000,9140.000000,48210,
2020-06-27T02:04:00Z,XBTUSD,9140.000000,9140.500000,9139.500000,9139.500000,135233,
2020-06-27T02:05:00Z,XBTUSD,9139.500000,9140.000000,9135.000000,9135.000000,810586,
2020-06-27T02:06:00Z,XBTUSD,9135.000000,9135.500000,9131.000000,9131.000000,768270,
2020-06-27T02:07:00Z,XBTUSD,9131.000000,9131.500000,9126.000000,9126.000000,404015,
2020-06-27T02:08:00Z,XBTUSD,9126.000000,9126.500000,9126.000000,9126.500000,160564,
2020-06-27T02:09:00Z,XBTUSD,9126.500000,9126.500000,9126.000000,9126.000000,472146,
2020-06-27T02:10:00Z,XBTUSD,9126.000000,9126.500000,9126.000000,9126.000000,9064,
2020-06-27T02:11:00Z,XBTUSD,9126.000000,9126.500000,9126.000000,9126.000000,67939,
2020-06-27T02:12:00Z,XBTUSD,9126.000000,9126.500000,9121.500000,9121.500000,579498,
2020-06-27T02:13:00Z,XBTUSD,9121.500000,9122.500000,9121.500000,9122.500000,297364,
2020-06-27T02:14:00Z,XBTUSD,9122.500000,9122.500000,9122.000000,9122.500000,51042,
2020-06-27T02:15:00Z,XBTUSD,9122.500000,9122.500000,9122.000000,9122.500000,144307,
2020-06-27T02:16:00Z,XBTUSD,9122.500000,9127.500000,9122.000000,9127.500000,185940,
2020-06-27T02:17:00Z,XBTUSD,9127.500000,9127.500000,9127.000000,9127.000000,5375,
2020-06-27T02:18:00Z,XBTUSD,9127.000000,9128.500000,9127.000000,9128.500000,238508,
2020-06-27T02:19:00Z,XBTUSD,9128.500000,9128.500000,9128.000000,9128.500000,68721,
2020-06-27T02:20:00Z,XBTUSD,9128.500000,9128.500000,9128.000000,9128.500000,88930,
2020-06-27T02:21:00Z,XBTUSD,9128.500000,9128.500000,9128.000000,9128.000000,43813,
2020-06-27T02:22:00Z,XBTUSD,9128.000000,9128.500000,9123.000000,9123.000000,270312,
2020-06-27T02:23:00Z,XBTUSD,9123.000000,9123.500000,9123.000000,9123.500000,24084,
2020-06-27T02:24:00Z,XBTUSD,9123.500000,9123.500000,9121.500000,9121.500000,196333,
2020-06-27T02:25:00Z,XBTUSD,9121.500000,9122.000000,9121.500000,9122.000000,81281,
2020-06-27T02:26:00Z,XBTUSD,9122.000000,9122.000000,9121.500000,9122.000000,48852,
2020-06-27T02:27:00Z,XBTUSD,9122.000000,9122.000000,9121.500000,9122.000000,431674,
2020-06-27T02:28:00Z,XBTUSD,9122.000000,9122.000000,9119.000000,9119.500000,309174,
2020-06-27T02:29:00Z,XBTUSD,9119.500000,9119.000000,9118.000000,9118.000000,98303,
2020-06-27T02:30:00Z,XBTUSD,9118.000000,9118.500000,9118.000000,9118.500000,130614,
2020-06-27T02:31:00Z,XBTUSD,9118.500000,9118.500000,9118.000000,9118.500000,54753,
2020-06-27T02:32:00Z,XBTUSD,9118.500000,9118.500000,9117.000000,9117.000000,556107,
2020-06-27T02:33:00Z,XBTUSD,9117.000000,9117.500000,9117.000000,9117.500000,159971,
2020-06-27T02:34:00Z,XBTUSD,9117.500000,9117.500000,9115.500000,9116.000000,406792,
2020-06-27T02:35:00Z,XBTUSD,9116.000000,9116.000000,9115.500000,9116.000000,103522,
2020-06-27T02:36:00Z,XBTUSD,9116.000000,9116.000000,9115.500000,9116.000000,19414,
2020-06-27T02:37:00Z,XBTUSD,9116.000000,9116.000000,9115.500000,9116.000000,54401,
2020-06-27T02:38:00Z,XBTUSD,9116.000000,9116.000000,9115.500000,9116.000000,70455,
2020-06-27T02:39:00Z,XBTUSD,9116.000000,9116.000000,9115.500000,9115.500000,91149,
2020-06-27T02:40:00Z,XBTUSD,9115.500000,9116.000000,9115.500000,9116.000000,45413,
2020-06-27T02:41:00Z,XBTUSD,9116.000000,9116.000000,9112.500000,9112.500000,424003,
2020-06-27T02:42:00Z,XBTUSD,9112.500000,9113.000000,9112.500000,9113.000000,2503,
2020-06-27T02:43:00Z,XBTUSD,9113.000000,9113.000000,9112.500000,9112.500000,95954,
2020-06-27T02:44:00Z,XBTUSD,9112.500000,9113.000000,9112.500000,9112.500000,148506,
2020-06-27T02:45:00Z,XBTUSD,9112.500000,9113.000000,9112.500000,9113.000000,15880,
2020-06-27T02:46:00Z,XBTUSD,9113.000000,9113.000000,9112.500000,9112.500000,81048,
2020-06-27T02:47:00Z,XBTUSD,9112.500000,9113.000000,9112.500000,9112.500000,208611,
2020-06-27T02:48:00Z,XBTUSD,9112.500000,9113.000000,9111.000000,9111.500000,271187,
2020-06-27T02:49:00Z,XBTUSD,9111.500000,9111.500000,9111.000000,9111.000000,71900,
2020-06-27T02:50:00Z,XBTUSD,9111.000000,9111.500000,9111.000000,9111.500000,106841,
2020-06-27T02:51:00Z,XBTUSD,9111.500000,9111.500000,9111.000000,9111.500000,213492,
2020-06-27T02:52:00Z,XBTUSD,9111.500000,9111.000000,9110.500000,9111.000000,45885,
2020-06-27T02:53:00Z,XBTUSD,9111.000000,9111.000000,9110.500000,9111.000000,30275,
2020-06-27T02:54:00Z,XBTUSD,9111.000000,9111.000000,9110.500000,9110.500000,575615,
2020-06-27T02:55:00Z,XBTUSD,9110.500000,9111.000000,9110.500000,9111.000000,32875,
2020-06-27T02:56:00Z,XBTUSD,9111.000000,9111.000000,9110.500000,9111.000000,130271,
2020-06-27T02:57:00Z,XBTUSD,9111.000000,9112.000000,9110.500000,9112.000000,1298133,
2020-06-27T02:58:00Z,XBTUSD,9112.000000,9126.000000,9112.000000,9126.000000,2612192,
2020-06-27T02:59:00Z,XBTUSD,9126.000000,9130.000000,9125.500000,9130.000000,1273846,
2020-06-27T03:00:00Z,XBTUSD,9130.000000,9130.000000,9129.500000,9130.000000,364177,
2020-06-27T03:01:00Z,XBTUSD,9130.000000,9131.000000,9130.000000,9131.000000,187632,
2020-06-27T03:02:00Z,XBTUSD,9131.000000,9131.000000,9129.500000,9130.000000,291512,
2020-06-27T03:03:00Z,XBTUSD,9130.000000,9130.000000,9127.000000,9127.000000,387586,
2020-06-27T03:04:00Z,XBTUSD,9127.000000,9127.500000,9126.000000,9126.500000,91841,
2020-06-27T03:05:00Z,XBTUSD,9126.500000,9126.500000,9126.000000,9126.500000,32928,
2020-06-27T03:06:00Z,XBTUSD,9126.500000,9126.500000,9126.000000,9126.000000,9046,
2020-06-27T03:07:00Z,XBTUSD,9126.000000,9126.500000,9125.000000,9125.500000,799492,
2020-06-27T03:08:00Z,XBTUSD,9125.500000,9125.500000,9125.000000,9125.500000,26569,
2020-06-27T03:09:00Z,XBTUSD,9125.500000,9125.500000,9125.000000,9125.500000,9604,
2020-06-27T03:10:00Z,XBTUSD,9125.500000,9125.500000,9125.000000,9125.500000,6189,
2020-06-27T03:11:00Z,XBTUSD,9125.500000,9125.500000,9125.000000,9125.500000,10936,
2020-06-27T03:12:00Z,XBTUSD,9125.500000,9125.500000,9125.000000,9125.000000,22890,
2020-06-27T03:13:00Z,XBTUSD,9125.000000,9125.500000,9125.000000,9125.000000,16347,
2020-06-27T03:14:00Z,XBTUSD,9125.000000,9125.500000,9125.000000,9125.500000,1086,
2020-06-27T03:15:00Z,XBTUSD,9125.500000,9125.500000,9125.000000,9125.000000,14970,
2020-06-27T03:16:00Z,XBTUSD,9125.000000,9128.000000,9125.000000,9128.000000,375039,
2020-06-27T03:17:00Z,XBTUSD,9128.000000,9139.000000,9127.500000,9139.000000,1153025,
2020-06-27T03:18:00Z,XBTUSD,9139.000000,9142.500000,9138.500000,9142.000000,624007,
2020-06-27T03:19:00Z,XBTUSD,9142.000000,9142.500000,9142.000000,9142.500000,293570,
2020-06-27T03:20:00Z,XBTUSD,9142.500000,9147.000000,9142.000000,9146.500000,747258,
2020-06-27T03:21:00Z,XBTUSD,9146.500000,9160.000000,9146.500000,9159.500000,3112853,
2020-06-27T03:22:00Z,XBTUSD,9159.500000,9160.000000,9159.500000,9159.500000,340829,
2020-06-27T03:23:00Z,XBTUSD,9159.500000,9160.000000,9159.500000,9159.500000,118245,
2020-06-27T03:24:00Z,XBTUSD,9159.500000,9174.000000,9153.500000,9168.000000,3609677,
2020-06-27T03:25:00Z,XBTUSD,9168.000000,9169.500000,9168.000000,9169.500000,1165621,
2020-06-27T03:26:00Z,XBTUSD,9169.500000,9169.500000,9162.500000,9163.000000,854847,
2020-06-27T03:27:00Z,XBTUSD,9163.000000,9163.000000,9159.000000,9159.500000,289679,
2020-06-27T03:28:00Z,XBTUSD,9159.500000,9159.500000,9157.500000,9157.500000,350910,
2020-06-27T03:29:00Z,XBTUSD,9157.500000,9158.000000,9155.500000,9155.500000,444536,
2020-06-27T03:30:00Z,XBTUSD,9155.500000,9156.000000,9155.500000,9156.000000,51939,
2020-06-27T03:31:00Z,XBTUSD,9156.000000,9156.000000,9155.500000,9156.000000,517239,
2020-06-27T03:32:00Z,XBTUSD,9156.000000,9157.500000,9155.500000,9157.500000,296970,
2020-06-27T03:33:00Z,XBTUSD,9157.500000,9159.500000,9157.000000,9159.500000,243954,
2020-06-27T03:34:00Z,XBTUSD,9159.500000,9163.500000,9159.500000,9163.500000,428467,
2020-06-27T03:35:00Z,XBTUSD,9163.500000,9163.500000,9160.500000,9160.500000,116957,
2020-06-27T03:36:00Z,XBTUSD,9160.500000,9161.000000,9159.000000,9160.000000,252118,
2020-06-27T03:37:00Z,XBTUSD,9160.000000,9160.000000,9159.500000,9159.500000,149226,
2020-06-27T03:38:00Z,XBTUSD,9159.500000,9160.000000,9159.500000,9159.500000,26066,
2020-06-27T03:39:00Z,XBTUSD,9159.500000,9160.000000,9159.500000,9159.500000,299707,
2020-06-27T03:40:00Z,XBTUSD,9159.500000,9160.000000,9156.500000,9156.500000,183577,
2020-06-27T03:41:00Z,XBTUSD,9156.500000,9157.000000,9156.500000,9157.000000,30271,
2020-06-27T03:42:00Z,XBTUSD,9157.000000,9157.000000,9156.500000,9157.000000,7007,
2020-06-27T03:43:00Z,XBTUSD,9157.000000,9157.000000,9156.500000,9156.500000,249984,
2020-06-27T03:44:00Z,XBTUSD,9156.500000,9157.000000,9156.500000,9157.000000,97861,
2020-06-27T03:45:00Z,XBTUSD,9157.000000,9157.000000,9156.500000,9157.000000,119672,
2020-06-27T03:46:00Z,XBTUSD,9157.000000,9157.000000,9156.500000,9157.000000,12985,
2020-06-27T03:47:00Z,XBTUSD,9157.000000,9157.000000,9156.500000,9157.000000,3386,
2020-06-27T03:48:00Z,XBTUSD,9157.000000,9157.000000,9152.500000,9152.500000,1023569,
2020-06-27T03:49:00Z,XBTUSD,9152.500000,9152.500000,9149.500000,9150.000000,216263,
2020-06-27T03:50:00Z,XBTUSD,9150.000000,9150.000000,9149.500000,9149.500000,21364,
2020-06-27T03:51:00Z,XBTUSD,9149.500000,9150.000000,9149.500000,9150.000000,108660,
2020-06-27T03:52:00Z,XBTUSD,9150.000000,9150.000000,9149.500000,9150.000000,46710,
2020-06-27T03:53:00Z,XBTUSD,9150.000000,9150.500000,9150.000000,9150.500000,199932,
2020-06-27T03:54:00Z,XBTUSD,9150.500000,9150.500000,9150.000000,9150.500000,69242,
2020-06-27T03:55:00Z,XBTUSD,9150.500000,9150.500000,9150.000000,9150.000000,74456,
2020-06-27T03:56:00Z,XBTUSD,9150.000000,9150.500000,9150.000000,9150.000000,32880,
2020-06-27T03:57:00Z,XBTUSD,9150.000000,9150.500000,9150.000000,9150.000000,386,
2020-06-27T03:58:00Z,XBTUSD,9150.000000,9150.500000,9150.000000,9150.000000,13785,
2020-06-27T03:59:00Z,XBTUSD,9150.000000,9150.500000,9150.000000,9150.500000,62521,
2020-06-27T04:00:00Z,XBTUSD,9150.500000,9150.500000,9150.000000,9150.500000,76444,
2020-06-27T04:01:00Z,XBTUSD,9150.500000,9158.500000,9150.000000,9158.500000,806500,
2020-06-27T04:02:00Z,XBTUSD,9158.500000,9158.500000,9158.000000,9158.000000,113345,
2020-06-27T04:03:00Z,XBTUSD,9158.000000,9158.500000,9158.000000,9158.500000,97278,
2020-06-27T04:04:00Z,XBTUSD,9158.500000,9159.000000,9158.000000,9158.500000,282453,
2020-06-27T04:05:00Z,XBTUSD,9158.500000,9159.000000,9158.500000,9158.500000,143336,
2020-06-27T04:06:00Z,XBTUSD,9158.500000,9159.000000,9158.500000,9159.000000,8988,
2020-06-27T04:07:00Z,XBTUSD,9159.000000,9159.000000,9158.500000,9158.500000,152988,
2020-06-27T04:08:00Z,XBTUSD,9158.500000,9159.000000,9158.500000,9158.500000,313,
2020-06-27T04:09:00Z,XBTUSD,9158.500000,9159.000000,9158.500000,9159.000000,57406,
2020-06-27T04:10:00Z,XBTUSD,9159.000000,9164.000000,9158.500000,9164.000000,3535536,
2020-06-27T04:11:00Z,XBTUSD,9164.000000,9165.000000,9163.500000,9165.000000,604841,
2020-06-27T04:12:00Z,XBTUSD,9165.000000,9165.000000,9164.500000,9165.000000,35110,
2020-06-27T04:13:00Z,XBTUSD,9165.000000,9165.000000,9164.000000,9164.000000,254261,
2020-06-27T04:14:00Z,XBTUSD,9164.000000,9164.000000,9158.000000,9158.000000,577132,
2020-06-27T04:15:00Z,XBTUSD,9158.000000,9158.500000,9149.500000,9150.000000,959426,
2020-06-27T04:16:00Z,XBTUSD,9150.000000,9150.000000,9149.500000,9150.000000,205369,
2020-06-27T04:17:00Z,XBTUSD,9150.000000,9154.000000,9149.500000,9153.500000,168800,
2020-06-27T04:18:00Z,XBTUSD,9153.500000,9154.000000,9150.000000,9150.500000,170194,
2020-06-27T04:19:00Z,XBTUSD,9150.500000,9150.500000,9150.000000,9150.500000,31355,
2020-06-27T04:20:00Z,XBTUSD,9150.500000,9150.500000,9150.000000,9150.500000,158501,
2020-06-27T04:21:00Z,XBTUSD,9150.500000,9150.500000,9150.000000,9150.500000,36494,
2020-06-27T04:22:00Z,XBTUSD,9150.500000,9150.500000,9150.000000,9150.500000,450,
2020-06-27T04:23:00Z,XBTUSD,9150.500000,9150.000000,9147.000000,9147.500000,864583,
2020-06-27T04:24:00Z,XBTUSD,9147.500000,9147.500000,9145.000000,9145.500000,214605,
2020-06-27T04:25:00Z,XBTUSD,9145.500000,9145.500000,9145.000000,9145.000000,137114,
2020-06-27T04:26:00Z,XBTUSD,9145.000000,9145.500000,9145.000000,9145.500000,41713,
2020-06-27T04:27:00Z,XBTUSD,9145.500000,9145.500000,9145.000000,9145.500000,9223,
2020-06-27T04:28:00Z,XBTUSD,9145.500000,9145.500000,9144.500000,9145.000000,365000,
2020-06-27T04:29:00Z,XBTUSD,9145.000000,9145.000000,9144.500000,9145.000000,14394,
2020-06-27T04:30:00Z,XBTUSD,9145.000000,9144.500000,9139.500000,9139.500000,565475,
2020-06-27T04:31:00Z,XBTUSD,9139.500000,9140.000000,9132.000000,9132.000000,1453908,
2020-06-27T04:32:00Z,XBTUSD,9132.000000,9132.000000,9126.000000,9126.000000,1084694,
2020-06-27T04:33:00Z,XBTUSD,9126.000000,9126.500000,9126.000000,9126.500000,110026,
2020-06-27T04:34:00Z,XBTUSD,9126.500000,9131.500000,9126.000000,9131.500000,905824,
2020-06-27T04:35:00Z,XBTUSD,9131.500000,9131.500000,9131.000000,9131.000000,46279,
2020-06-27T04:36:00Z,XBTUSD,9131.000000,9131.500000,9131.000000,9131.500000,206381,
2020-06-27T04:37:00Z,XBTUSD,9131.500000,9133.500000,9131.000000,9133.500000,179361,
2020-06-27T04:38:00Z,XBTUSD,9133.500000,9136.000000,9133.500000,9136.000000,105594,
2020-06-27T04:39:00Z,XBTUSD,9136.000000,9136.000000,9135.500000,9136.000000,33095,
2020-06-27T04:40:00Z,XBTUSD,9136.000000,9136.000000,9135.500000,9136.000000,497,
2020-06-27T04:41:00Z,XBTUSD,9136.000000,9136.000000,9135.000000,9135.000000,397454,
2020-06-27T04:42:00Z,XBTUSD,9135.000000,9135.500000,9135.000000,9135.000000,101869,
2020-06-27T04:43:00Z,XBTUSD,9135.000000,9135.500000,9135.000000,9135.500000,5819,
2020-06-27T04:44:00Z,XBTUSD,9135.500000,9135.500000,9135.000000,9135.500000,585802,
2020-06-27T04:45:00Z,XBTUSD,9135.500000,9135.500000,9135.000000,9135.000000,73858,
2020-06-27T04:46:00Z,XBTUSD,9135.000000,9135.500000,9135.000000,9135.500000,858191,
2020-06-27T04:47:00Z,XBTUSD,9135.500000,9135.500000,9135.000000,9135.500000,7855,
2020-06-27T04:48:00Z,XBTUSD,9135.500000,9135.500000,9135.000000,9135.500000,49163,
2020-06-27T04:49:00Z,XBTUSD,9135.500000,9135.500000,9135.000000,9135.000000,9932,
2020-06-27T04:50:00Z,XBTUSD,9135.000000,9135.500000,9135.000000,9135.500000,956,
2020-06-27T04:51:00Z,XBTUSD,9135.500000,9135.500000,9135.000000,9135.500000,328541,
2020-06-27T04:52:00Z,XBTUSD,9135.500000,9138.500000,9135.000000,9138.500000,520171,
2020-06-27T04:53:00Z,XBTUSD,9138.500000,9138.500000,9138.000000,9138.500000,26354,
2020-06-27T04:54:00Z,XBTUSD,9138.500000,9138.500000,9138.000000,9138.500000,7115,
2020-06-27T04:55:00Z,XBTUSD,9138.500000,9141.500000,9138.000000,9141.500000,419327,
2020-06-27T04:56:00Z,XBTUSD,9141.500000,9141.500000,9141.000000,9141.500000,77109,
2020-06-27T04:57:00Z,XBTUSD,9141.500000,9141.500000,9141.000000,9141.000000,64919,
2020-06-27T04:58:00Z,XBTUSD,9141.000000,9143.000000,9141.500000,9143.000000,229614,
2020-06-27T04:59:00Z,XBTUSD,9143.000000,9145.000000,9143.000000,9145.000000,79002,
2020-06-27T05:00:00Z,XBTUSD,9145.000000,9147.000000,9144.500000,9147.000000,259409,
2020-06-27T05:01:00Z,XBTUSD,9147.000000,9150.000000,9146.500000,9149.500000,453578,
2020-06-27T05:02:00Z,XBTUSD,9149.500000,9150.000000,9149.500000,9150.000000,5588,
2020-06-27T05:03:00Z,XBTUSD,9150.000000,9150.000000,9149.500000,9150.000000,197997,
2020-06-27T05:04:00Z,XBTUSD,9150.000000,9150.000000,9149.500000,9149.500000,117256,
2020-06-27T05:05:00Z,XBTUSD,9149.500000,9150.000000,9149.500000,9149.500000,260013,
2020-06-27T05:06:00Z,XBTUSD,9149.500000,9150.000000,9149.500000,9149.500000,74905,
2020-06-27T05:07:00Z,XBTUSD,9149.500000,9150.000000,9149.500000,9150.000000,82524,
2020-06-27T05:08:00Z,XBTUSD,9150.000000,9149.500000,9147.000000,9147.500000,382864,
2020-06-27T05:09:00Z,XBTUSD,9147.500000,9147.500000,9146.000000,9146.000000,499150,
2020-06-27T05:10:00Z,XBTUSD,9146.000000,9146.000000,9143.000000,9143.500000,319855,
2020-06-27T05:11:00Z,XBTUSD,9143.500000,9143.500000,9142.000000,9142.500000,254913,
2020-06-27T05:12:00Z,XBTUSD,9142.500000,9142.500000,9142.000000,9142.500000,148948,
2020-06-27T05:13:00Z,XBTUSD,9142.500000,9142.500000,9137.500000,9137.500000,523229,
2020-06-27T05:14:00Z,XBTUSD,9137.500000,9138.000000,9137.500000,9138.000000,35805,
2020-06-27T05:15:00Z,XBTUSD,9138.000000,9138.000000,9134.500000,9134.500000,530189,
2020-06-27T05:16:00Z,XBTUSD,9134.500000,9134.500000,9134.000000,9134.500000,152941,
2020-06-27T05:17:00Z,XBTUSD,9134.500000,9134.500000,9134.000000,9134.000000,53062,
2020-06-27T05:18:00Z,XBTUSD,9134.000000,9134.500000,9134.000000,9134.000000,15419,
2020-06-27T05:19:00Z,XBTUSD,9134.000000,9134.500000,9134.000000,9134.500000,60401,
2020-06-27T05:20:00Z,XBTUSD,9134.500000,9134.500000,9134.000000,9134.000000,154164,
2020-06-27T05:21:00Z,XBTUSD,9134.000000,9134.500000,9134.000000,9134.000000,58224,
2020-06-27T05:22:00Z,XBTUSD,9134.000000,9134.500000,9134.000000,9134.500000,11174,
2020-06-27T05:23:00Z,XBTUSD,9134.500000,9137.500000,9134.500000,9137.500000,426721,
2020-06-27T05:24:00Z,XBTUSD,9137.500000,9137.500000,9137.000000,9137.500000,97825,
2020-06-27T05:25:00Z,XBTUSD,9137.500000,9140.000000,9137.000000,9140.000000,615877,
2020-06-27T05:26:00Z,XBTUSD,9140.000000,9140.000000,9139.500000,9139.500000,15187,
2020-06-27T05:27:00Z,XBTUSD,9139.500000,9140.000000,9139.500000,9139.500000,5661,
2020-06-27T05:28:00Z,XBTUSD,9139.500000,9140.000000,9139.000000,9139.000000,384891,
2020-06-27T05:29:00Z,XBTUSD,9139.000000,9139.000000,9136.500000,9137.000000,40086,
2020-06-27T05:30:00Z,XBTUSD,9137.000000,9140.000000,9137.000000,9140.000000,214070,
2020-06-27T05:31:00Z,XBTUSD,9140.000000,9149.000000,9139.500000,9149.000000,1822303,
2020-06-27T05:32:00Z,XBTUSD,9149.000000,9149.000000,9148.500000,9148.500000,73438,
2020-06-27T05:33:00Z,XBTUSD,9148.500000,9149.000000,9148.500000,9149.000000,43552,
2020-06-27T05:34:00Z,XBTUSD,9149.000000,9149.000000,9148.500000,9149.000000,7341,
2020-06-27T05:35:00Z,XBTUSD,9149.000000,9149.500000,9148.500000,9149.000000,359801,
2020-06-27T05:36:00Z,XBTUSD,9149.000000,9153.500000,9149.500000,9153.000000,196052,
2020-06-27T05:37:00Z,XBTUSD,9153.000000,9153.500000,9153.000000,9153.000000,57199,
2020-06-27T05:38:00Z,XBTUSD,9153.000000,9153.500000,9151.000000,9151.000000,93777,
2020-06-27T05:39:00Z,XBTUSD,9151.000000,9151.500000,9151.000000,9151.500000,259938,
2020-06-27T05:40:00Z,XBTUSD,9151.500000,9155.000000,9151.000000,9155.000000,649899,
2020-06-27T05:41:00Z,XBTUSD,9155.000000,9160.500000,9154.500000,9160.500000,1447908,
2020-06-27T05:42:00Z,XBTUSD,9160.500000,9160.500000,9159.500000,9159.500000,383083,
2020-06-27T05:43:00Z,XBTUSD,9159.500000,9160.500000,9152.500000,9160.000000,1597194,
2020-06-27T05:44:00Z,XBTUSD,9160.000000,9160.500000,9160.000000,9160.500000,77479,
2020-06-27T05:45:00Z,XBTUSD,9160.500000,9160.500000,9160.000000,9160.500000,866880,
2020-06-27T05:46:00Z,XBTUSD,9160.500000,9160.500000,9160.000000,9160.000000,1222847,
2020-06-27T05:47:00Z,XBTUSD,9160.000000,9160.500000,9160.000000,9160.000000,56363,
2020-06-27T05:48:00Z,XBTUSD,9160.000000,9160.500000,9160.000000,9160.500000,99362,
2020-06-27T05:49:00Z,XBTUSD,9160.500000,9160.500000,9157.500000,9158.000000,403197,
2020-06-27T05:50:00Z,XBTUSD,9158.000000,9158.000000,9157.500000,9158.000000,56131,
2020-06-27T05:51:00Z,XBTUSD,9158.000000,9158.000000,9157.500000,9158.000000,76835,
2020-06-27T05:52:00Z,XBTUSD,9158.000000,9158.000000,9157.500000,9157.500000,40921,
2020-06-27T05:53:00Z,XBTUSD,9157.500000,9158.000000,9157.500000,9158.000000,26676,
2020-06-27T05:54:00Z,XBTUSD,9158.000000,9157.500000,9152.500000,9153.000000,259292,
2020-06-27T05:55:00Z,XBTUSD,9153.000000,9153.000000,9152.500000,9153.000000,12345,
2020-06-27T05:56:00Z,XBTUSD,9153.000000,9153.000000,9152.500000,9153.000000,207339,
2020-06-27T05:57:00Z,XBTUSD,9153.000000,9153.000000,9152.500000,9153.000000,2435,
2020-06-27T05:58:00Z,XBTUSD,9153.000000,9153.000000,9152.500000,9152.500000,899,
2020-06-27T05:59:00Z,XBTUSD,9152.500000,9153.000000,9152.500000,9152.500000,8332,
2020-06-27T06:00:00Z,XBTUSD,9152.500000,9153.000000,9152.500000,9153.000000,76450,
2020-06-27T06:01:00Z,XBTUSD,9153.000000,9153.000000,9152.500000,9152.500000,430663,
2020-06-27T06:02:00Z,XBTUSD,9152.500000,9156.000000,9152.500000,9156.000000,635122,
2020-06-27T06:03:00Z,XBTUSD,9156.000000,9157.000000,9155.500000,9157.000000,308099,
2020-06-27T06:04:00Z,XBTUSD,9157.000000,9159.500000,9156.500000,9159.500000,458364,
2020-06-27T06:05:00Z,XBTUSD,9159.500000,9161.000000,9159.000000,9161.000000,356460,
2020-06-27T06:06:00Z,XBTUSD,9161.000000,9161.000000,9160.500000,9160.500000,35791,
2020-06-27T06:07:00Z,XBTUSD,9160.500000,9161.000000,9160.500000,9160.500000,248587,
2020-06-27T06:08:00Z,XBTUSD,9160.500000,9161.000000,9154.500000,9154.500000,431412,
2020-06-27T06:09:00Z,XBTUSD,9154.500000,9155.000000,9153.000000,9153.500000,338499,
2020-06-27T06:10:00Z,XBTUSD,9153.500000,9153.500000,9145.500000,9146.000000,1128329,
2020-06-27T06:11:00Z,XBTUSD,9146.000000,9146.500000,9142.000000,9146.500000,1218311,
2020-06-27T06:12:00Z,XBTUSD,9146.500000,9148.000000,9144.500000,9145.000000,700634,
2020-06-27T06:13:00Z,XBTUSD,9145.000000,9144.500000,9142.500000,9142.500000,69326,
2020-06-27T06:14:00Z,XBTUSD,9142.500000,9143.000000,9142.500000,9142.500000,54405,
2020-06-27T06:15:00Z,XBTUSD,9142.500000,9143.000000,9142.500000,9142.500000,18832,
2020-06-27T06:16:00Z,XBTUSD,9142.500000,9144.500000,9142.500000,9144.000000,726596,
2020-06-27T06:17:00Z,XBTUSD,9144.000000,9144.500000,9144.000000,9144.500000,53699,
2020-06-27T06:18:00Z,XBTUSD,9144.500000,9144.500000,9144.000000,9144.500000,109169,
2020-06-27T06:19:00Z,XBTUSD,9144.500000,9144.500000,9140.000000,9140.000000,811688,
2020-06-27T06:20:00Z,XBTUSD,9140.000000,9140.500000,9140.000000,9140.500000,40218,
2020-06-27T06:21:00Z,XBTUSD,9140.500000,9140.500000,9140.000000,9140.000000,56525,
2020-06-27T06:22:00Z,XBTUSD,9140.000000,9142.500000,9140.000000,9142.500000,414805,
2020-06-27T06:23:00Z,XBTUSD,9142.500000,9149.000000,9142.000000,9148.500000,615986,
2020-06-27T06:24:00Z,XBTUSD,9148.500000,9150.500000,9148.500000,9150.500000,114060,
2020-06-27T06:25:00Z,XBTUSD,9150.500000,9150.500000,9150.000000,9150.500000,42536,
2020-06-27T06:26:00Z,XBTUSD,9150.500000,9151.000000,9150.000000,9151.000000,119560,
2020-06-27T06:27:00Z,XBTUSD,9151.000000,9151.000000,9150.500000,9151.000000,227860,
2020-06-27T06:28:00Z,XBTUSD,9151.000000,9151.000000,9150.500000,9151.000000,16280,
2020-06-27T06:29:00Z,XBTUSD,9151.000000,9151.000000,9150.500000,9151.000000,39372,
2020-06-27T06:30:00Z,XBTUSD,9151.000000,9154.000000,9150.500000,9154.000000,196792,
2020-06-27T06:31:00Z,XBTUSD,9154.000000,9159.000000,9153.500000,9159.000000,275630,
2020-06-27T06:32:00Z,XBTUSD,9159.000000,9163.000000,9158.500000,9163.000000,655803,
2020-06-27T06:33:00Z,XBTUSD,9163.000000,9184.000000,9162.500000,9178.500000,4664944,
2020-06-27T06:34:00Z,XBTUSD,9178.500000,9186.000000,9178.000000,9185.500000,2619383,
2020-06-27T06:35:00Z,XBTUSD,9185.500000,9186.000000,9178.500000,9178.500000,682869,
2020-06-27T06:36:00Z,XBTUSD,9178.500000,9183.000000,9178.500000,9182.500000,506931,
2020-06-27T06:37:00Z,XBTUSD,9182.500000,9183.000000,9178.500000,9178.500000,466541,
2020-06-27T06:38:00Z,XBTUSD,9178.500000,9179.000000,9175.500000,9178.000000,322877,
2020-06-27T06:39:00Z,XBTUSD,9178.000000,9178.500000,9175.500000,9175.500000,772552,
2020-06-27T06:40:00Z,XBTUSD,9175.500000,9180.000000,9175.500000,9180.000000,542724,
2020-06-27T06:41:00Z,XBTUSD,9180.000000,9180.000000,9176.500000,9176.500000,542393,
2020-06-27T06:42:00Z,XBTUSD,9176.500000,9177.000000,9176.500000,9176.500000,46835,
2020-06-27T06:43:00Z,XBTUSD,9176.500000,9177.000000,9169.000000,9169.500000,956430,
2020-06-27T06:44:00Z,XBTUSD,9169.500000,9169.500000,9169.000000,9169.500000,410603,
2020-06-27T06:45:00Z,XBTUSD,9169.500000,9172.000000,9169.000000,9172.000000,284503,
2020-06-27T06:46:00Z,XBTUSD,9172.000000,9173.000000,9172.000000,9173.000000,218895,
2020-06-27T06:47:00Z,XBTUSD,9173.000000,9173.000000,9170.000000,9170.500000,91291,
2020-06-27T06:48:00Z,XBTUSD,9170.500000,9170.500000,9169.000000,9169.500000,109218,
2020-06-27T06:49:00Z,XBTUSD,9169.500000,9169.500000,9169.000000,9169.500000,114651,
2020-06-27T06:50:00Z,XBTUSD,9169.500000,9169.500000,9169.000000,9169.500000,209629,
2020-06-27T06:51:00Z,XBTUSD,9169.500000,9173.000000,9169.500000,9170.000000,551532,
2020-06-27T06:52:00Z,XBTUSD,9170.000000,9170.000000,9167.000000,9167.500000,646566,
2020-06-27T06:53:00Z,XBTUSD,9167.500000,9167.500000,9167.000000,9167.500000,35126,
2020-06-27T06:54:00Z,XBTUSD,9167.500000,9167.500000,9167.000000,9167.500000,666616,
2020-06-27T06:55:00Z,XBTUSD,9167.500000,9167.500000,9167.000000,9167.500000,8731,
2020-06-27T06:56:00Z,XBTUSD,9167.500000,9167.500000,9167.000000,9167.500000,45729,
2020-06-27T06:57:00Z,XBTUSD,9167.500000,9167.500000,9167.000000,9167.500000,1975,
2020-06-27T06:58:00Z,XBTUSD,9167.500000,9167.500000,9167.000000,9167.500000,18118,
2020-06-27T06:59:00Z,XBTUSD,9167.500000,9167.500000,9167.000000,9167.500000,198548,
2020-06-27T07:00:00Z,XBTUSD,9167.500000,9167.500000,9167.000000,9167.500000,137491,
2020-06-27T07:01:00Z,XBTUSD,9167.500000,9175.500000,9167.000000,9175.500000,691536,
2020-06-27T07:02:00Z,XBTUSD,9175.500000,9175.500000,9175.000000,9175.000000,65492,
2020-06-27T07:03:00Z,XBTUSD,9175.000000,9175.000000,9168.000000,9168.000000,536653,
2020-06-27T07:04:00Z,XBTUSD,9168.000000,9168.500000,9168.000000,9168.500000,71026,
2020-06-27T07:05:00Z,XBTUSD,9168.500000,9173.500000,9168.500000,9173.000000,174482,
2020-06-27T07:06:00Z,XBTUSD,9173.000000,9173.500000,9173.000000,9173.000000,35603,
2020-06-27T07:07:00Z,XBTUSD,9173.000000,9173.500000,9173.000000,9173.500000,6438,
2020-06-27T07:08:00Z,XBTUSD,9173.500000,9173.500000,9173.000000,9173.500000,11307,
2020-06-27T07:09:00Z,XBTUSD,9173.500000,9173.500000,9173.000000,9173.000000,27745,
2020-06-27T07:10:00Z,XBTUSD,9173.000000,9173.500000,9173.000000,9173.500000,66746,
2020-06-27T07:11:00Z,XBTUSD,9173.500000,9173.500000,9169.500000,9170.000000,956016,
2020-06-27T07:12:00Z,XBTUSD,9170.000000,9170.000000,9168.000000,9168.000000,478613,
2020-06-27T07:13:00Z,XBTUSD,9168.000000,9168.500000,9168.000000,9168.500000,138693,
2020-06-27T07:14:00Z,XBTUSD,9168.500000,9168.500000,9168.000000,9168.500000,119699,
2020-06-27T07:15:00Z,XBTUSD,9168.500000,9168.500000,9168.000000,9168.500000,17289,
2020-06-27T07:16:00Z,XBTUSD,9168.500000,9168.500000,9168.000000,9168.500000,50682,
2020-06-27T07:17:00Z,XBTUSD,9168.500000,9168.500000,9168.000000,9168.500000,62099,
2020-06-27T07:18:00Z,XBTUSD,9168.500000,9168.500000,9168.000000,9168.500000,6052,
2020-06-27T07:19:00Z,XBTUSD,9168.500000,9168.500000,9168.000000,9168.500000,15395,
2020-06-27T07:20:00Z,XBTUSD,9168.500000,9168.500000,9168.000000,9168.000000,17328,
2020-06-27T07:21:00Z,XBTUSD,9168.000000,9168.500000,9168.000000,9168.500000,25848,
2020-06-27T07:22:00Z,XBTUSD,9168.500000,9168.500000,9168.000000,9168.000000,265605,
2020-06-27T07:23:00Z,XBTUSD,9168.000000,9168.500000,9168.000000,9168.000000,423223,
2020-06-27T07:24:00Z,XBTUSD,9168.000000,9168.500000,9160.000000,9160.500000,1172901,
2020-06-27T07:25:00Z,XBTUSD,9160.500000,9160.500000,9160.000000,9160.000000,273544,
2020-06-27T07:26:00Z,XBTUSD,9160.000000,9160.500000,9158.500000,9158.500000,274281,
2020-06-27T07:27:00Z,XBTUSD,9158.500000,9159.000000,9157.500000,9157.500000,129925,
2020-06-27T07:28:00Z,XBTUSD,9157.500000,9157.500000,9155.000000,9155.500000,560570,
2020-06-27T07:29:00Z,XBTUSD,9155.500000,9155.500000,9155.000000,9155.500000,15575,
2020-06-27T07:30:00Z,XBTUSD,9155.500000,9155.500000,9155.000000,9155.500000,94219,
2020-06-27T07:31:00Z,XBTUSD,9155.500000,9155.500000,9155.000000,9155.500000,77450,
2020-06-27T07:32:00Z,XBTUSD,9155.500000,9155.500000,9155.000000,9155.000000,81369,
2020-06-27T07:33:00Z,XBTUSD,9155.000000,9155.500000,9155.000000,9155.000000,54348,
2020-06-27T07:34:00Z,XBTUSD,9155.000000,9155.500000,9155.000000,9155.000000,489042,
2020-06-27T07:35:00Z,XBTUSD,9155.000000,9155.500000,9155.000000,9155.500000,117472,
2020-06-27T07:36:00Z,XBTUSD,9155.500000,9155.500000,9155.000000,9155.000000,653131,
2020-06-27T07:37:00Z,XBTUSD,9155.000000,9158.000000,9155.000000,9158.000000,135065,
2020-06-27T07:38:00Z,XBTUSD,9158.000000,9158.000000,9157.500000,9158.000000,174497,
2020-06-27T07:39:00Z,XBTUSD,9158.000000,9158.000000,9157.500000,9158.000000,7234,
2020-06-27T07:40:00Z,XBTUSD,9158.000000,9158.000000,9157.500000,9158.000000,4625,
2020-06-27T07:41:00Z,XBTUSD,9158.000000,9158.000000,9157.500000,9158.000000,52133,
2020-06-27T07:42:00Z,XBTUSD,9158.000000,9158.000000,9157.500000,9158.000000,7117,
2020-06-27T07:43:00Z,XBTUSD,9158.000000,9158.000000,9157.500000,9158.000000,107446,
2020-06-27T07:44:00Z,XBTUSD,9158.000000,9158.000000,9157.500000,9158.000000,6518,
2020-06-27T07:45:00Z,XBTUSD,9158.000000,9158.000000,9157.500000,9158.000000,198055,
2020-06-27T07:46:00Z,XBTUSD,9158.000000,9160.500000,9157.500000,9160.500000,754433,
2020-06-27T07:47:00Z,XBTUSD,9160.500000,9160.500000,9160.000000,9160.500000,18287,
2020-06-27T07:48:00Z,XBTUSD,9160.500000,9160.500000,9160.000000,9160.000000,16964,
2020-06-27T07:49:00Z,XBTUSD,9160.000000,9160.500000,9160.000000,9160.500000,102025,
2020-06-27T07:50:00Z,XBTUSD,9160.500000,9160.500000,9160.000000,9160.000000,100145,
2020-06-27T07:51:00Z,XBTUSD,9160.000000,9160.500000,9160.000000,9160.000000,72039,
2020-06-27T07:52:00Z,XBTUSD,9160.000000,9164.000000,9160.000000,9163.500000,553505,
2020-06-27T07:53:00Z,XBTUSD,9163.500000,9164.500000,9164.000000,9164.500000,130557,
2020-06-27T07:54:00Z,XBTUSD,9164.500000,9164.500000,9164.000000,9164.500000,20103,
2020-06-27T07:55:00Z,XBTUSD,9164.500000,9164.500000,9164.000000,9164.500000,65185,
2020-06-27T07:56:00Z,XBTUSD,9164.500000,9164.500000,9164.000000,9164.500000,150707,
2020-06-27T07:57:00Z,XBTUSD,9164.500000,9165.000000,9164.500000,9164.500000,281040,
2020-06-27T07:58:00Z,XBTUSD,9164.500000,9165.500000,9164.500000,9165.500000,252795,
2020-06-27T07:59:00Z,XBTUSD,9165.500000,9165.500000,9165.000000,9165.500000,122245,
2020-06-27T08:00:00Z,XBTUSD,9165.500000,9165.500000,9165.000000,9165.500000,39928,
2020-06-27T08:01:00Z,XBTUSD,9165.500000,9165.500000,9165.000000,9165.500000,101993,
2020-06-27T08:02:00Z,XBTUSD,9165.500000,9165.500000,9165.000000,9165.500000,283717,
2020-06-27T08:03:00Z,XBTUSD,9165.500000,9165.500000,9165.000000,9165.500000,17561,
2020-06-27T08:04:00Z,XBTUSD,9165.500000,9165.500000,9165.500000,9165.500000,6180,
2020-06-27T08:05:00Z,XBTUSD,9165.500000,9165.500000,9165.000000,9165.500000,14828,
2020-06-27T08:06:00Z,XBTUSD,9165.500000,9165.500000,9165.000000,9165.500000,37900,
2020-06-27T08:07:00Z,XBTUSD,9165.500000,9166.000000,9165.000000,9165.500000,367208,
2020-06-27T08:08:00Z,XBTUSD,9165.500000,9168.500000,9166.000000,9168.500000,138192,
2020-06-27T08:09:00Z,XBTUSD,9168.500000,9169.500000,9168.000000,9169.000000,120972,
2020-06-27T08:10:00Z,XBTUSD,9169.000000,9170.000000,9169.500000,9170.000000,60256,
2020-06-27T08:11:00Z,XBTUSD,9170.000000,9170.000000,9169.500000,9170.000000,39424,
2020-06-27T08:12:00Z,XBTUSD,9170.000000,9170.000000,9169.500000,9169.500000,256234,
2020-06-27T08:13:00Z,XBTUSD,9169.500000,9170.000000,9169.500000,9170.000000,1216,
2020-06-27T08:14:00Z,XBTUSD,9170.000000,9170.000000,9169.500000,9169.500000,39040,
2020-06-27T08:15:00Z,XBTUSD,9169.500000,9170.000000,9169.500000,9170.000000,474090,
2020-06-27T08:16:00Z,XBTUSD,9170.000000,9170.000000,9169.500000,9169.500000,40467,
2020-06-27T08:17:00Z,XBTUSD,9169.500000,9170.000000,9169.500000,9170.000000,134526,
2020-06-27T08:18:00Z,XBTUSD,9170.000000,9170.000000,9169.500000,9169.500000,14714,
2020-06-27T08:19:00Z,XBTUSD,9169.500000,9170.000000,9169.500000,9169.500000,23051,
2020-06-27T08:20:00Z,XBTUSD,9169.500000,9170.000000,9169.500000,9169.500000,61964,
2020-06-27T08:21:00Z,XBTUSD,9169.500000,9170.000000,9169.500000,9169.500000,14236,
2020-06-27T08:22:00Z,XBTUSD,9169.500000,9170.000000,9169.500000,9170.000000,21793,
2020-06-27T08:23:00Z,XBTUSD,9170.000000,9170.000000,9169.500000,9170.000000,1118,
2020-06-27T08:24:00Z,XBTUSD,9170.000000,9170.000000,9169.500000,9170.000000,62032,
2020-06-27T08:25:00Z,XBTUSD,9170.000000,9170.000000,9169.500000,9169.500000,12575,
2020-06-27T08:26:00Z,XBTUSD,9169.500000,9170.000000,9169.500000,9170.000000,25875,
2020-06-27T08:27:00Z,XBTUSD,9170.000000,9170.000000,9169.500000,9170.000000,81827,
2020-06-27T08:28:00Z,XBTUSD,9170.000000,9171.000000,9169.500000,9171.000000,1159989,
2020-06-27T08:29:00Z,XBTUSD,9171.000000,9177.500000,9171.000000,9177.500000,639665,
2020-06-27T08:30:00Z,XBTUSD,9177.500000,9180.000000,9177.000000,9180.000000,1416407,
2020-06-27T08:31:00Z,XBTUSD,9180.000000,9180.000000,9179.500000,9180.000000,101060,
2020-06-27T08:32:00Z,XBTUSD,9180.000000,9180.500000,9179.500000,9180.000000,177805,
2020-06-27T08:33:00Z,XBTUSD,9180.000000,9181.000000,9180.000000,9181.000000,222479,
2020-06-27T08:34:00Z,XBTUSD,9181.000000,9181.000000,9180.500000,9180.500000,178675,
2020-06-27T08:35:00Z,XBTUSD,9180.500000,9181.000000,9177.000000,9177.000000,595648,
2020-06-27T08:36:00Z,XBTUSD,9177.000000,9177.500000,9175.000000,9175.500000,529095,
2020-06-27T08:37:00Z,XBTUSD,9175.500000,9175.500000,9167.500000,9168.000000,611320,
2020-06-27T08:38:00Z,XBTUSD,9168.000000,9168.000000,9166.500000,9167.000000,168233,
2020-06-27T08:39:00Z,XBTUSD,9167.000000,9167.000000,9166.500000,9167.000000,274518,
2020-06-27T08:40:00Z,XBTUSD,9167.000000,9167.000000,9164.000000,9164.500000,284909,
2020-06-27T08:41:00Z,XBTUSD,9164.500000,9164.500000,9163.500000,9163.500000,101067,
2020-06-27T08:42:00Z,XBTUSD,9163.500000,9164.000000,9163.500000,9163.500000,72715,
2020-06-27T08:43:00Z,XBTUSD,9163.500000,9164.000000,9163.500000,9164.000000,582892,
2020-06-27T08:44:00Z,XBTUSD,9164.000000,9164.000000,9163.500000,9164.000000,585447,
2020-06-27T08:45:00Z,XBTUSD,9164.000000,9164.000000,9163.500000,9163.500000,509641,
2020-06-27T08:46:00Z,XBTUSD,9163.500000,9164.000000,9163.500000,9164.000000,257837,
2020-06-27T08:47:00Z,XBTUSD,9164.000000,9164.000000,9163.500000,9164.000000,16161,
2020-06-27T08:48:00Z,XBTUSD,9164.000000,9164.000000,9163.500000,9164.000000,3339,
2020-06-27T08:49:00Z,XBTUSD,9164.000000,9164.000000,9160.500000,9160.500000,556924,
2020-06-27T08:50:00Z,XBTUSD,9160.500000,9160.500000,9158.500000,9158.500000,771689,
2020-06-27T08:51:00Z,XBTUSD,9158.500000,9159.000000,9155.500000,9156.000000,337838,
2020-06-27T08:52:00Z,XBTUSD,9156.000000,9155.500000,9142.500000,9143.000000,2435174,
2020-06-27T08:53:00Z,XBTUSD,9143.000000,9143.000000,9142.500000,9143.000000,857433,
2020-06-27T08:54:00Z,XBTUSD,9143.000000,9143.500000,9142.500000,9143.500000,117466,
2020-06-27T08:55:00Z,XBTUSD,9143.500000,9147.000000,9143.000000,9147.000000,482570,
2020-06-27T08:56:00Z,XBTUSD,9147.000000,9148.000000,9147.000000,9148.000000,459671,
2020-06-27T08:57:00Z,XBTUSD,9148.000000,9148.000000,9147.500000,9148.000000,236325,
2020-06-27T08:58:00Z,XBTUSD,9148.000000,9148.000000,9147.500000,9147.500000,37490,
2020-06-27T08:59:00Z,XBTUSD,9147.500000,9148.000000,9147.500000,9148.000000,385805,
2020-06-27T09:00:00Z,XBTUSD,9148.000000,9154.500000,9147.500000,9154.500000,1084772,
2020-06-27T09:01:00Z,XBTUSD,9154.500000,9154.500000,9154.000000,9154.000000,302365,
2020-06-27T09:02:00Z,XBTUSD,9154.000000,9154.500000,9154.000000,9154.000000,178657,
2020-06-27T09:03:00Z,XBTUSD,9154.000000,9154.500000,9154.000000,9154.000000,213953,
2020-06-27T09:04:00Z,XBTUSD,9154.000000,9154.500000,9152.000000,9152.500000,382673,
2020-06-27T09:05:00Z,XBTUSD,9152.500000,9152.000000,9144.000000,9144.000000,1401594,
2020-06-27T09:06:00Z,XBTUSD,9144.000000,9144.500000,9143.500000,9143.500000,178785,
2020-06-27T09:07:00Z,XBTUSD,9143.500000,9144.000000,9143.000000,9143.000000,834975,
2020-06-27T09:08:00Z,XBTUSD,9143.000000,9143.500000,9143.000000,9143.000000,29790,
2020-06-27T09:09:00Z,XBTUSD,9143.000000,9143.500000,9143.000000,9143.500000,101526,
2020-06-27T09:10:00Z,XBTUSD,9143.500000,9143.500000,9143.000000,9143.500000,59906,
2020-06-27T09:11:00Z,XBTUSD,9143.500000,9145.500000,9143.000000,9145.500000,553386,
2020-06-27T09:12:00Z,XBTUSD,9145.500000,9145.500000,9145.000000,9145.500000,23375,
2020-06-27T09:13:00Z,XBTUSD,9145.500000,9145.500000,9145.000000,9145.500000,4879,
2020-06-27T09:14:00Z,XBTUSD,9145.500000,9145.500000,9145.000000,9145.500000,15015,
2020-06-27T09:15:00Z,XBTUSD,9145.500000,9145.500000,9145.000000,9145.500000,125966,
2020-06-27T09:16:00Z,XBTUSD,9145.500000,9145.500000,9145.000000,9145.500000,59387,
2020-06-27T09:17:00Z,XBTUSD,9145.500000,9145.500000,9145.000000,9145.000000,74225,
2020-06-27T09:18:00Z,XBTUSD,9145.000000,9145.500000,9137.500000,9137.500000,1530412,
2020-06-27T09:19:00Z,XBTUSD,9137.500000,9138.000000,9137.000000,9137.000000,440089,
2020-06-27T09:20:00Z,XBTUSD,9137.000000,9137.500000,9137.000000,9137.500000,75769,
2020-06-27T09:21:00Z,XBTUSD,9137.500000,9137.500000,9137.000000,9137.000000,48306,
2020-06-27T09:22:00Z,XBTUSD,9137.000000,9146.000000,9137.000000,9146.000000,1682782,
2020-06-27T09:23:00Z,XBTUSD,9146.000000,9146.000000,9143.500000,9143.500000,225113,
2020-06-27T09:24:00Z,XBTUSD,9143.500000,9144.000000,9143.500000,9144.000000,45176,
2020-06-27T09:25:00Z,XBTUSD,9144.000000,9144.000000,9143.500000,9144.000000,13228,
2020-06-27T09:26:00Z,XBTUSD,9144.000000,9145.000000,9143.500000,9145.000000,768443,
2020-06-27T09:27:00Z,XBTUSD,9145.000000,9145.000000,9144.500000,9144.500000,25879,
2020-06-27T09:28:00Z,XBTUSD,9144.500000,9145.000000,9144.500000,9145.000000,313522,
2020-06-27T09:29:00Z,XBTUSD,9145.000000,9147.500000,9144.500000,9147.500000,475738,
2020-06-27T09:30:00Z,XBTUSD,9147.500000,9147.500000,9147.000000,9147.000000,14190,
2020-06-27T09:31:00Z,XBTUSD,9147.000000,9147.500000,9147.000000,9147.500000,348712,
2020-06-27T09:32:00Z,XBTUSD,9147.500000,9147.500000,9147.000000,9147.500000,493392,
2020-06-27T09:33:00Z,XBTUSD,9147.500000,9149.500000,9147.000000,9149.500000,284855,
2020-06-27T09:34:00Z,XBTUSD,9149.500000,9149.500000,9149.000000,9149.500000,18542,
2020-06-27T09:35:00Z,XBTUSD,9149.500000,9149.500000,9149.000000,9149.500000,3779,
2020-06-27T09:36:00Z,XBTUSD,9149.500000,9149.500000,9149.000000,9149.500000,84458,
2020-06-27T09:37:00Z,XBTUSD,9149.500000,9153.500000,9149.000000,9153.500000,616196,
2020-06-27T09:38:00Z,XBTUSD,9153.500000,9154.500000,9153.000000,9154.000000,342828,
2020-06-27T09:39:00Z,XBTUSD,9154.000000,9154.500000,9154.000000,9154.000000,239417,
2020-06-27T09:40:00Z,XBTUSD,9154.000000,9154.500000,9152.000000,9152.000000,313713,
2020-06-27T09:41:00Z,XBTUSD,9152.000000,9152.500000,9149.500000,9150.000000,399090,
2020-06-27T09:42:00Z,XBTUSD,9150.000000,9150.000000,9149.500000,9150.000000,36619,
2020-06-27T09:43:00Z,XBTUSD,9150.000000,9150.000000,9149.500000,9149.500000,8649,
2020-06-27T09:44:00Z,XBTUSD,9149.500000,9150.000000,9149.500000,9149.500000,22010,
2020-06-27T09:45:00Z,XBTUSD,9149.500000,9150.000000,9145.500000,9145.500000,327312,
2020-06-27T09:46:00Z,XBTUSD,9145.500000,9146.000000,9144.500000,9145.000000,213953,
2020-06-27T09:47:00Z,XBTUSD,9145.000000,9145.000000,9144.500000,9145.000000,115142,
2020-06-27T09:48:00Z,XBTUSD,9145.000000,9145.000000,9141.500000,9141.500000,369175,
2020-06-27T09:49:00Z,XBTUSD,9141.500000,9141.500000,9140.000000,9140.500000,149198,
2020-06-27T09:50:00Z,XBTUSD,9140.500000,9140.500000,9140.000000,9140.000000,155538,
2020-06-27T09:51:00Z,XBTUSD,9140.000000,9140.500000,9140.000000,9140.500000,72927,
2020-06-27T09:52:00Z,XBTUSD,9140.500000,9144.500000,9140.000000,9143.500000,697109,
2020-06-27T09:53:00Z,XBTUSD,9143.500000,9144.000000,9141.500000,9141.500000,581380,
2020-06-27T09:54:00Z,XBTUSD,9141.500000,9142.000000,9140.500000,9140.500000,104783,
2020-06-27T09:55:00Z,XBTUSD,9140.500000,9141.000000,9140.500000,9140.500000,39953,
2020-06-27T09:56:00Z,XBTUSD,9140.500000,9141.000000,9140.500000,9140.500000,215590,
2020-06-27T09:57:00Z,XBTUSD,9140.500000,9141.000000,9135.000000,9135.000000,1058547,
2020-06-27T09:58:00Z,XBTUSD,9135.000000,9135.500000,9135.000000,9135.500000,170214,
2020-06-27T09:59:00Z,XBTUSD,9135.500000,9135.500000,9135.000000,9135.000000,134003,
2020-06-27T10:00:00Z,XBTUSD,9135.000000,9135.500000,9135.000000,9135.000000,150629,
2020-06-27T10:01:00Z,XBTUSD,9135.000000,9135.500000,9133.500000,9133.500000,519673,
2020-06-27T10:02:00Z,XBTUSD,9133.500000,9136.000000,9133.500000,9135.500000,693713,
2020-06-27T10:03:00Z,XBTUSD,9135.500000,9140.500000,9135.500000,9140.500000,396401,
2020-06-27T10:04:00Z,XBTUSD,9140.500000,9142.500000,9140.500000,9142.000000,119580,
2020-06-27T10:05:00Z,XBTUSD,9142.000000,9142.500000,9139.000000,9139.500000,105521,
2020-06-27T10:06:00Z,XBTUSD,9139.500000,9139.500000,9139.000000,9139.500000,74903,
2020-06-27T10:07:00Z,XBTUSD,9139.500000,9139.500000,9136.000000,9136.000000,311857,
2020-06-27T10:08:00Z,XBTUSD,9136.000000,9136.500000,9134.500000,9134.500000,600815,
2020-06-27T10:09:00Z,XBTUSD,9134.500000,9135.500000,9134.500000,9135.500000,651207,
2020-06-27T10:10:00Z,XBTUSD,9135.500000,9135.500000,9135.000000,9135.000000,47378,
2020-06-27T10:11:00Z,XBTUSD,9135.000000,9139.500000,9135.500000,9139.500000,196871,
2020-06-27T10:12:00Z,XBTUSD,9139.500000,9139.500000,9139.000000,9139.000000,28754,
2020-06-27T10:13:00Z,XBTUSD,9139.000000,9139.500000,9139.000000,9139.500000,33281,
2020-06-27T10:14:00Z,XBTUSD,9139.500000,9139.500000,9139.000000,9139.000000,64608,
2020-06-27T10:15:00Z,XBTUSD,9139.000000,9139.500000,9137.500000,9137.500000,342921,
2020-06-27T10:16:00Z,XBTUSD,9137.500000,9138.000000,9135.500000,9135.500000,77773,
2020-06-27T10:17:00Z,XBTUSD,9135.500000,9136.000000,9135.500000,9135.500000,68849,
2020-06-27T10:18:00Z,XBTUSD,9135.500000,9135.500000,9132.000000,9132.000000,928007,
2020-06-27T10:19:00Z,XBTUSD,9132.000000,9132.500000,9131.500000,9131.500000,110449,
2020-06-27T10:20:00Z,XBTUSD,9131.500000,9132.000000,9131.500000,9132.000000,74319,
2020-06-27T10:21:00Z,XBTUSD,9132.000000,9132.000000,9130.500000,9130.500000,293482,
2020-06-27T10:22:00Z,XBTUSD,9130.500000,9133.000000,9130.500000,9132.500000,750353,
2020-06-27T10:23:00Z,XBTUSD,9132.500000,9137.000000,9132.500000,9137.000000,779485,
2020-06-27T10:24:00Z,XBTUSD,9137.000000,9137.000000,9136.500000,9136.500000,31485,
2020-06-27T10:25:00Z,XBTUSD,9136.500000,9139.500000,9137.000000,9139.500000,345428,
2020-06-27T10:26:00Z,XBTUSD,9139.500000,9139.500000,9139.000000,9139.500000,299048,
2020-06-27T10:27:00Z,XBTUSD,9139.500000,9139.500000,9139.000000,9139.000000,331739,
2020-06-27T10:28:00Z,XBTUSD,9139.000000,9139.500000,9139.000000,9139.000000,573626,
2020-06-27T10:29:00Z,XBTUSD,9139.000000,9139.500000,9139.000000,9139.000000,105462,
2020-06-27T10:30:00Z,XBTUSD,9139.000000,9139.500000,9139.000000,9139.500000,125491,
2020-06-27T10:31:00Z,XBTUSD,9139.500000,9139.500000,9139.000000,9139.000000,76871,
2020-06-27T10:32:00Z,XBTUSD,9139.000000,9139.500000,9139.000000,9139.000000,25190,
2020-06-27T10:33:00Z,XBTUSD,9139.000000,9139.500000,9139.000000,9139.000000,27564,
2020-06-27T10:34:00Z,XBTUSD,9139.000000,9139.500000,9139.000000,9139.000000,41532,
2020-06-27T10:35:00Z,XBTUSD,9139.000000,9139.500000,9139.000000,9139.000000,32611,
2020-06-27T10:36:00Z,XBTUSD,9139.000000,9139.500000,9139.000000,9139.000000,9424,
2020-06-27T10:37:00Z,XBTUSD,9139.000000,9139.500000,9139.000000,9139.500000,82299,
2020-06-27T10:38:00Z,XBTUSD,9139.500000,9142.000000,9139.000000,9142.000000,1384361,
2020-06-27T10:39:00Z,XBTUSD,9142.000000,9149.000000,9141.500000,9149.000000,785095,
2020-06-27T10:40:00Z,XBTUSD,9149.000000,9150.500000,9148.500000,9150.000000,656233,
2020-06-27T10:41:00Z,XBTUSD,9150.000000,9152.500000,9150.000000,9152.500000,504734,
2020-06-27T10:42:00Z,XBTUSD,9152.500000,9153.500000,9152.500000,9153.000000,375771,
2020-06-27T10:43:00Z,XBTUSD,9153.000000,9153.500000,9153.000000,9153.500000,5364,
2020-06-27T10:44:00Z,XBTUSD,9153.500000,9153.500000,9153.000000,9153.000000,150366,
2020-06-27T10:45:00Z,XBTUSD,9153.000000,9153.500000,9153.000000,9153.000000,22496,
2020-06-27T10:46:00Z,XBTUSD,9153.000000,9153.500000,9153.000000,9153.000000,777411,
2020-06-27T10:47:00Z,XBTUSD,9153.000000,9153.500000,9147.000000,9147.500000,1003000,
2020-06-27T10:48:00Z,XBTUSD,9147.500000,9147.500000,9147.000000,9147.500000,27096,
2020-06-27T10:49:00Z,XBTUSD,9147.500000,9147.500000,9147.000000,9147.000000,34428,
2020-06-27T10:50:00Z,XBTUSD,9147.000000,9147.500000,9147.000000,9147.500000,31380,
2020-06-27T10:51:00Z,XBTUSD,9147.500000,9147.500000,9147.000000,9147.000000,9184,
2020-06-27T10:52:00Z,XBTUSD,9147.000000,9147.500000,9147.000000,9147.000000,66137,
2020-06-27T10:53:00Z,XBTUSD,9147.000000,9147.500000,9143.500000,9143.500000,362958,
2020-06-27T10:54:00Z,XBTUSD,9143.500000,9143.500000,9140.000000,9140.000000,280029,
2020-06-27T10:55:00Z,XBTUSD,9140.000000,9140.000000,9136.000000,9136.000000,477828,
2020-06-27T10:56:00Z,XBTUSD,9136.000000,9136.500000,9133.500000,9134.000000,231657,
2020-06-27T10:57:00Z,XBTUSD,9134.000000,9134.000000,9133.500000,9134.000000,206467,
2020-06-27T10:58:00Z,XBTUSD,9134.000000,9134.000000,9132.500000,9132.500000,280886,
2020-06-27T10:59:00Z,XBTUSD,9132.500000,9133.000000,9132.500000,9133.000000,100361,
2020-06-27T11:00:00Z,XBTUSD,9133.000000,9133.000000,9132.500000,9132.500000,546018,
2020-06-27T11:01:00Z,XBTUSD,9132.500000,9133.000000,9128.000000,9128.500000,1314195,
2020-06-27T11:02:00Z,XBTUSD,9128.500000,9128.000000,9125.000000,9125.000000,1441554,
2020-06-27T11:03:00Z,XBTUSD,9125.000000,9125.500000,9125.000000,9125.000000,340947,
2020-06-27T11:04:00Z,XBTUSD,9125.000000,9125.500000,9125.000000,9125.500000,363279,
2020-06-27T11:05:00Z,XBTUSD,9125.500000,9125.500000,9125.000000,9125.000000,293613,
2020-06-27T11:06:00Z,XBTUSD,9125.000000,9125.500000,9123.500000,9123.500000,796275,
2020-06-27T11:07:00Z,XBTUSD,9123.500000,9124.500000,9123.500000,9124.500000,1346268,
2020-06-27T11:08:00Z,XBTUSD,9124.500000,9125.500000,9124.000000,9125.500000,927378,
2020-06-27T11:09:00Z,XBTUSD,9125.500000,9126.500000,9125.000000,9126.500000,430992,
2020-06-27T11:10:00Z,XBTUSD,9126.500000,9126.500000,9126.000000,9126.000000,183288,
2020-06-27T11:11:00Z,XBTUSD,9126.000000,9126.500000,9126.000000,9126.500000,109901,
2020-06-27T11:12:00Z,XBTUSD,9126.500000,9126.500000,9126.000000,9126.000000,13009,
2020-06-27T11:13:00Z,XBTUSD,9126.000000,9126.500000,9126.000000,9126.500000,67277,
2020-06-27T11:14:00Z,XBTUSD,9126.500000,9126.500000,9126.000000,9126.000000,26739,
2020-06-27T11:15:00Z,XBTUSD,9126.000000,9126.500000,9126.000000,9126.500000,80719,
2020-06-27T11:16:00Z,XBTUSD,9126.500000,9126.500000,9126.000000,9126.500000,52219,
2020-06-27T11:17:00Z,XBTUSD,9126.500000,9126.500000,9126.000000,9126.500000,272413,
2020-06-27T11:18:00Z,XBTUSD,9126.500000,9126.500000,9126.000000,9126.000000,221067,
2020-06-27T11:19:00Z,XBTUSD,9126.000000,9126.500000,9126.000000,9126.500000,20827,
2020-06-27T11:20:00Z,XBTUSD,9126.500000,9126.500000,9126.000000,9126.500000,185519,
2020-06-27T11:21:00Z,XBTUSD,9126.500000,9126.500000,9126.000000,9126.500000,252113,
2020-06-27T11:22:00Z,XBTUSD,9126.500000,9126.500000,9126.000000,9126.500000,6200,
2020-06-27T11:23:00Z,XBTUSD,9126.500000,9126.500000,9126.000000,9126.500000,27078,
2020-06-27T11:24:00Z,XBTUSD,9126.500000,9126.500000,9126.000000,9126.500000,47195,
2020-06-27T11:25:00Z,XBTUSD,9126.500000,9126.500000,9121.500000,9126.000000,2560066,
2020-06-27T11:26:00Z,XBTUSD,9126.000000,9127.000000,9126.000000,9127.000000,311560,
2020-06-27T11:27:00Z,XBTUSD,9127.000000,9127.000000,9126.500000,9126.500000,150713,
2020-06-27T11:28:00Z,XBTUSD,9126.500000,9127.000000,9126.500000,9127.000000,32423,
2020-06-27T11:29:00Z,XBTUSD,9127.000000,9127.000000,9126.500000,9127.000000,182039,
2020-06-27T11:30:00Z,XBTUSD,9127.000000,9129.000000,9126.500000,9129.000000,812023,
2020-06-27T11:31:00Z,XBTUSD,9129.000000,9129.000000,9128.500000,9129.000000,333035,
2020-06-27T11:32:00Z,XBTUSD,9129.000000,9129.000000,9128.500000,9129.000000,28688,
2020-06-27T11:33:00Z,XBTUSD,9129.000000,9129.000000,9128.500000,9128.500000,111027,
2020-06-27T11:34:00Z,XBTUSD,9128.500000,9129.000000,9128.500000,9128.500000,27887,
2020-06-27T11:35:00Z,XBTUSD,9128.500000,9129.000000,9128.500000,9128.500000,448275,
2020-06-27T11:36:00Z,XBTUSD,9128.500000,9130.000000,9128.500000,9130.000000,490771,
2020-06-27T11:37:00Z,XBTUSD,9130.000000,9132.500000,9129.500000,9132.500000,597203,
2020-06-27T11:38:00Z,XBTUSD,9132.500000,9132.500000,9132.000000,9132.000000,100536,
2020-06-27T11:39:00Z,XBTUSD,9132.000000,9135.000000,9132.000000,9135.000000,267732,
2020-06-27T11:40:00Z,XBTUSD,9135.000000,9150.000000,9134.500000,9149.500000,3202630,
2020-06-27T11:41:00Z,XBTUSD,9149.500000,9153.500000,9149.500000,9153.000000,1864679,
2020-06-27T11:42:00Z,XBTUSD,9153.000000,9170.500000,9151.500000,9168.500000,3376601,
2020-06-27T11:43:00Z,XBTUSD,9168.500000,9172.000000,9164.500000,9165.000000,3298194,
2020-06-27T11:44:00Z,XBTUSD,9165.000000,9165.000000,9164.500000,9164.500000,663946,
2020-06-27T11:45:00Z,XBTUSD,9164.500000,9165.000000,9164.500000,9165.000000,200923,
2020-06-27T11:46:00Z,XBTUSD,9165.000000,9165.000000,9164.500000,9164.500000,509806,
2020-06-27T11:47:00Z,XBTUSD,9164.500000,9165.000000,9164.500000,9164.500000,624594,
2020-06-27T11:48:00Z,XBTUSD,9164.500000,9166.000000,9164.500000,9166.000000,1869016,
2020-06-27T11:49:00Z,XBTUSD,9166.000000,9166.000000,9165.500000,9166.000000,85781,
2020-06-27T11:50:00Z,XBTUSD,9166.000000,9166.000000,9161.500000,9162.000000,893445,
2020-06-27T11:51:00Z,XBTUSD,9162.000000,9162.000000,9161.000000,9161.000000,377754,
2020-06-27T11:52:00Z,XBTUSD,9161.000000,9161.500000,9160.000000,9160.000000,243624,
2020-06-27T11:53:00Z,XBTUSD,9160.000000,9160.500000,9160.000000,9160.000000,292821,
2020-06-27T11:54:00Z,XBTUSD,9160.000000,9160.500000,9160.000000,9160.500000,150992,
2020-06-27T11:55:00Z,XBTUSD,9160.500000,9160.500000,9160.000000,9160.000000,259237,
2020-06-27T11:56:00Z,XBTUSD,9160.000000,9160.500000,9160.000000,9160.500000,86185,
2020-06-27T11:57:00Z,XBTUSD,9160.500000,9160.500000,9160.000000,9160.500000,1216093,
2020-06-27T11:58:00Z,XBTUSD,9160.500000,9160.500000,9156.000000,9156.000000,650865,
2020-06-27T11:59:00Z,XBTUSD,9156.000000,9156.500000,9156.000000,9156.000000,193219,
2020-06-27T12:00:00Z,XBTUSD,9156.000000,9156.500000,9156.000000,9156.000000,344770,
2020-06-27T12:01:00Z,XBTUSD,9156.000000,9156.500000,9156.000000,9156.000000,122545,
2020-06-27T12:02:00Z,XBTUSD,9156.000000,9156.500000,9156.000000,9156.500000,652616,
2020-06-27T12:03:00Z,XBTUSD,9156.500000,9158.000000,9156.000000,9158.000000,541340,
2020-06-27T12:04:00Z,XBTUSD,9158.000000,9158.000000,9157.500000,9158.000000,110704,
2020-06-27T12:05:00Z,XBTUSD,9158.000000,9158.000000,9157.500000,9158.000000,158655,
2020-06-27T12:06:00Z,XBTUSD,9158.000000,9158.500000,9157.500000,9158.500000,726142,
2020-06-27T12:07:00Z,XBTUSD,9158.500000,9158.500000,9158.000000,9158.500000,48106,
2020-06-27T12:08:00Z,XBTUSD,9158.500000,9158.500000,9158.000000,9158.500000,71053,
2020-06-27T12:09:00Z,XBTUSD,9158.500000,9159.500000,9158.000000,9159.500000,366158,
2020-06-27T12:10:00Z,XBTUSD,9159.500000,9165.000000,9159.000000,9165.000000,948873,
2020-06-27T12:11:00Z,XBTUSD,9165.000000,9165.500000,9164.500000,9165.000000,319457,
2020-06-27T12:12:00Z,XBTUSD,9165.000000,9165.500000,9160.500000,9160.500000,472921,
2020-06-27T12:13:00Z,XBTUSD,9160.500000,9161.000000,9157.500000,9157.500000,590819,
2020-06-27T12:14:00Z,XBTUSD,9157.500000,9158.000000,9157.000000,9157.500000,216706,
2020-06-27T12:15:00Z,XBTUSD,9157.500000,9157.500000,9157.000000,9157.500000,23553,
2020-06-27T12:16:00Z,XBTUSD,9157.500000,9157.500000,9157.000000,9157.500000,208885,
2020-06-27T12:17:00Z,XBTUSD,9157.500000,9157.500000,9157.000000,9157.000000,1301431,
2020-06-27T12:18:00Z,XBTUSD,9157.000000,9157.500000,9157.000000,9157.000000,264220,
2020-06-27T12:19:00Z,XBTUSD,9157.000000,9157.500000,9155.500000,9156.000000,571388,
2020-06-27T12:20:00Z,XBTUSD,9156.000000,9156.000000,9155.500000,9156.000000,458406,
2020-06-27T12:21:00Z,XBTUSD,9156.000000,9156.000000,9155.500000,9156.000000,87368,
2020-06-27T12:22:00Z,XBTUSD,9156.000000,9156.000000,9155.500000,9155.500000,105835,
2020-06-27T12:23:00Z,XBTUSD,9155.500000,9156.000000,9155.500000,9155.500000,72733,
2020-06-27T12:24:00Z,XBTUSD,9155.500000,9156.000000,9155.500000,9155.500000,59766,
2020-06-27T12:25:00Z,XBTUSD,9155.500000,9156.000000,9155.500000,9155.500000,82266,
2020-06-27T12:26:00Z,XBTUSD,9155.500000,9156.000000,9155.000000,9155.000000,279102,
2020-06-27T12:27:00Z,XBTUSD,9155.000000,9155.500000,9154.000000,9154.000000,359777,
2020-06-27T12:28:00Z,XBTUSD,9154.000000,9154.500000,9152.500000,9152.500000,309376,
2020-06-27T12:29:00Z,XBTUSD,9152.500000,9153.000000,9150.000000,9150.000000,478330,
2020-06-27T12:30:00Z,XBTUSD,9150.000000,9150.500000,9147.500000,9147.500000,743548,
2020-06-27T12:31:00Z,XBTUSD,9147.500000,9148.000000,9145.500000,9146.000000,551172,
2020-06-27T12:32:00Z,XBTUSD,9146.000000,9146.000000,9142.500000,9142.500000,523312,
2020-06-27T12:33:00Z,XBTUSD,9142.500000,9143.000000,9142.500000,9142.500000,25489,
2020-06-27T12:34:00Z,XBTUSD,9142.500000,9143.000000,9142.500000,9143.000000,133102,
2020-06-27T12:35:00Z,XBTUSD,9143.000000,9143.000000,9142.500000,9143.000000,300111,
2020-06-27T12:36:00Z,XBTUSD,9143.000000,9143.000000,9142.500000,9142.500000,440890,
2020-06-27T12:37:00Z,XBTUSD,9142.500000,9143.000000,9142.500000,9143.000000,35413,
2020-06-27T12:38:00Z,XBTUSD,9143.000000,9147.500000,9142.500000,9147.500000,1068632,
2020-06-27T12:39:00Z,XBTUSD,9147.500000,9147.500000,9147.000000,9147.500000,145904,
2020-06-27T12:40:00Z,XBTUSD,9147.500000,9151.000000,9147.000000,9150.500000,245930,
2020-06-27T12:41:00Z,XBTUSD,9150.500000,9151.000000,9147.000000,9147.500000,565852,
2020-06-27T12:42:00Z,XBTUSD,9147.500000,9147.500000,9147.000000,9147.500000,87372,
2020-06-27T12:43:00Z,XBTUSD,9147.500000,9147.500000,9147.000000,9147.000000,47858,
2020-06-27T12:44:00Z,XBTUSD,9147.000000,9147.500000,9147.000000,9147.500000,23100,
2020-06-27T12:45:00Z,XBTUSD,9147.500000,9147.500000,9147.000000,9147.000000,27726,
2020-06-27T12:46:00Z,XBTUSD,9147.000000,9150.000000,9147.000000,9150.000000,411438,
2020-06-27T12:47:00Z,XBTUSD,9150.000000,9150.500000,9149.500000,9150.500000,234669,
2020-06-27T12:48:00Z,XBTUSD,9150.500000,9150.500000,9150.000000,9150.000000,22826,
2020-06-27T12:49:00Z,XBTUSD,9150.000000,9150.500000,9150.000000,9150.000000,1861,
2020-06-27T12:50:00Z,XBTUSD,9150.000000,9150.500000,9150.000000,9150.500000,11856,
2020-06-27T12:51:00Z,XBTUSD,9150.500000,9150.500000,9150.000000,9150.500000,48571,
2020-06-27T12:52:00Z,XBTUSD,9150.500000,9150.500000,9150.000000,9150.000000,18622,
2020-06-27T12:53:00Z,XBTUSD,9150.000000,9152.000000,9150.000000,9152.000000,422128,
2020-06-27T12:54:00Z,XBTUSD,9152.000000,9152.500000,9151.500000,9152.000000,338961,
2020-06-27T12:55:00Z,XBTUSD,9152.000000,9152.500000,9152.000000,9152.000000,18471,
2020-06-27T12:56:00Z,XBTUSD,9152.000000,9152.500000,9152.000000,9152.500000,88787,
2020-06-27T12:57:00Z,XBTUSD,9152.500000,9152.500000,9152.000000,9152.500000,36640,
2020-06-27T12:58:00Z,XBTUSD,9152.500000,9154.500000,9152.000000,9154.000000,280060,
2020-06-27T12:59:00Z,XBTUSD,9154.000000,9154.500000,9154.000000,9154.500000,64785,
2020-06-27T13:00:00Z,XBTUSD,9154.500000,9154.500000,9154.000000,9154.000000,195961,
2020-06-27T13:01:00Z,XBTUSD,9154.000000,9158.000000,9154.000000,9158.000000,835881,
2020-06-27T13:02:00Z,XBTUSD,9158.000000,9160.500000,9157.500000,9160.000000,991932,
2020-06-27T13:03:00Z,XBTUSD,9160.000000,9161.500000,9160.500000,9161.500000,755069,
2020-06-27T13:04:00Z,XBTUSD,9161.500000,9161.500000,9161.000000,9161.000000,42561,
2020-06-27T13:05:00Z,XBTUSD,9161.000000,9161.500000,9161.000000,9161.000000,80990,
2020-06-27T13:06:00Z,XBTUSD,9161.000000,9161.500000,9161.000000,9161.500000,255075,
2020-06-27T13:07:00Z,XBTUSD,9161.500000,9168.500000,9161.000000,9161.000000,2489510,
2020-06-27T13:08:00Z,XBTUSD,9161.000000,9161.500000,9161.000000,9161.500000,392390,
2020-06-27T13:09:00Z,XBTUSD,9161.500000,9161.500000,9161.000000,9161.500000,129006,
2020-06-27T13:10:00Z,XBTUSD,9161.500000,9169.500000,9161.000000,9164.000000,5751065,
2020-06-27T13:11:00Z,XBTUSD,9164.000000,9164.500000,9164.000000,9164.000000,195579,
2020-06-27T13:12:00Z,XBTUSD,9164.000000,9164.500000,9164.000000,9164.500000,478208,
2020-06-27T13:13:00Z,XBTUSD,9164.500000,9167.500000,9164.000000,9167.000000,400462,
2020-06-27T13:14:00Z,XBTUSD,9167.000000,9167.500000,9165.000000,9165.000000,379587,
2020-06-27T13:15:00Z,XBTUSD,9165.000000,9165.500000,9165.000000,9165.000000,357373,
2020-06-27T13:16:00Z,XBTUSD,9165.000000,9165.500000,9165.000000,9165.500000,127415,
2020-06-27T13:17:00Z,XBTUSD,9165.500000,9165.500000,9165.000000,9165.000000,21156,
2020-06-27T13:18:00Z,XBTUSD,9165.000000,9165.500000,9164.500000,9164.500000,303716,
2020-06-27T13:19:00Z,XBTUSD,9164.500000,9165.000000,9164.000000,9164.000000,294447,
2020-06-27T13:20:00Z,XBTUSD,9164.000000,9164.500000,9164.000000,9164.000000,169710,
2020-06-27T13:21:00Z,XBTUSD,9164.000000,9164.500000,9160.500000,9161.000000,549686,
2020-06-27T13:22:00Z,XBTUSD,9161.000000,9161.000000,9160.000000,9160.000000,204041,
2020-06-27T13:23:00Z,XBTUSD,9160.000000,9160.500000,9157.000000,9157.000000,506287,
2020-06-27T13:24:00Z,XBTUSD,9157.000000,9157.500000,9157.000000,9157.000000,67881,
2020-06-27T13:25:00Z,XBTUSD,9157.000000,9157.500000,9156.000000,9156.000000,234534,
2020-06-27T13:26:00Z,XBTUSD,9156.000000,9156.000000,9154.000000,9154.500000,215416,
2020-06-27T13:27:00Z,XBTUSD,9154.500000,9154.500000,9152.000000,9152.000000,150226,
2020-06-27T13:28:00Z,XBTUSD,9152.000000,9152.500000,9150.000000,9150.500000,172132,
2020-06-27T13:29:00Z,XBTUSD,9150.500000,9150.500000,9150.000000,9150.000000,26282,
2020-06-27T13:30:00Z,XBTUSD,9150.000000,9150.500000,9150.000000,9150.000000,21478,
2020-06-27T13:31:00Z,XBTUSD,9150.000000,9150.500000,9150.000000,9150.500000,239181,
2020-06-27T13:32:00Z,XBTUSD,9150.500000,9150.500000,9150.000000,9150.500000,11888,
2020-06-27T13:33:00Z,XBTUSD,9150.500000,9150.500000,9150.000000,9150.000000,44118,
2020-06-27T13:34:00Z,XBTUSD,9150.000000,9150.500000,9150.000000,9150.500000,56938,
2020-06-27T13:35:00Z,XBTUSD,9150.500000,9150.500000,9150.000000,9150.500000,25070,
2020-06-27T13:36:00Z,XBTUSD,9150.500000,9150.500000,9150.000000,9150.000000,86059,
2020-06-27T13:37:00Z,XBTUSD,9150.000000,9150.500000,9150.000000,9150.500000,28387,
2020-06-27T13:38:00Z,XBTUSD,9150.500000,9150.500000,9150.000000,9150.000000,291172,
2020-06-27T13:39:00Z,XBTUSD,9150.000000,9154.000000,9150.000000,9153.500000,593074,
2020-06-27T13:40:00Z,XBTUSD,9153.500000,9154.000000,9153.500000,9154.000000,248529,
2020-06-27T13:41:00Z,XBTUSD,9154.000000,9154.000000,9149.000000,9149.500000,1553979,
2020-06-27T13:42:00Z,XBTUSD,9149.500000,9149.500000,9148.000000,9148.000000,134704,
2020-06-27T13:43:00Z,XBTUSD,9148.000000,9148.500000,9148.000000,9148.000000,103094,
2020-06-27T13:44:00Z,XBTUSD,9148.000000,9148.500000,9148.000000,9148.000000,128575,
2020-06-27T13:45:00Z,XBTUSD,9148.000000,9148.500000,9148.000000,9148.000000,128453,
2020-06-27T13:46:00Z,XBTUSD,9148.000000,9148.500000,9148.000000,9148.000000,129400,
2020-06-27T13:47:00Z,XBTUSD,9148.000000,9148.500000,9140.500000,9140.500000,1227369,
2020-06-27T13:48:00Z,XBTUSD,9140.500000,9141.000000,9140.000000,9140.500000,386292,
2020-06-27T13:49:00Z,XBTUSD,9140.500000,9140.500000,9140.000000,9140.500000,185268,
2020-06-27T13:50:00Z,XBTUSD,9140.500000,9140.500000,9140.000000,9140.000000,107242,
2020-06-27T13:51:00Z,XBTUSD,9140.000000,9140.500000,9140.000000,9140.000000,33381,
2020-06-27T13:52:00Z,XBTUSD,9140.000000,9140.500000,9140.000000,9140.500000,822107,
2020-06-27T13:53:00Z,XBTUSD,9140.500000,9140.500000,9140.000000,9140.000000,10884,
2020-06-27T13:54:00Z,XBTUSD,9140.000000,9142.000000,9140.000000,9142.000000,525489,
2020-06-27T13:55:00Z,XBTUSD,9142.000000,9146.000000,9142.000000,9146.000000,194811,
2020-06-27T13:56:00Z,XBTUSD,9146.000000,9146.000000,9145.500000,9145.500000,29097,
2020-06-27T13:57:00Z,XBTUSD,9145.500000,9146.000000,9145.500000,9145.500000,6238,
2020-06-27T13:58:00Z,XBTUSD,9145.500000,9146.000000,9145.500000,9146.000000,124009,
2020-06-27T13:59:00Z,XBTUSD,9146.000000,9146.000000,9145.500000,9145.500000,12596,
2020-06-27T14:00:00Z,XBTUSD,9145.500000,9146.000000,9145.500000,9146.000000,24791,
2020-06-27T14:01:00Z,XBTUSD,9146.000000,9146.000000,9145.500000,9146.000000,264457,
2020-06-27T14:02:00Z,XBTUSD,9146.000000,9146.000000,9145.500000,9145.500000,4522,
2020-06-27T14:03:00Z,XBTUSD,9145.500000,9146.000000,9145.500000,9146.000000,1897,
2020-06-27T14:04:00Z,XBTUSD,9146.000000,9146.000000,9145.500000,9145.500000,12102,
2020-06-27T14:05:00Z,XBTUSD,9145.500000,9146.000000,9140.000000,9140.000000,2311527,
2020-06-27T14:06:00Z,XBTUSD,9140.000000,9140.500000,9140.000000,9140.500000,364836,
2020-06-27T14:07:00Z,XBTUSD,9140.500000,9140.500000,9140.000000,9140.000000,279727,
2020-06-27T14:08:00Z,XBTUSD,9140.000000,9140.500000,9139.000000,9140.500000,544103,
2020-06-27T14:09:00Z,XBTUSD,9140.500000,9142.000000,9137.000000,9138.000000,1852588,
2020-06-27T14:10:00Z,XBTUSD,9138.000000,9140.500000,9137.500000,9140.500000,157292,
2020-06-27T14:11:00Z,XBTUSD,9140.500000,9140.500000,9137.000000,9137.000000,319181,
2020-06-27T14:12:00Z,XBTUSD,9137.000000,9137.500000,9134.000000,9134.000000,598453,
2020-06-27T14:13:00Z,XBTUSD,9134.000000,9134.500000,9133.000000,9133.500000,175921,
2020-06-27T14:14:00Z,XBTUSD,9133.500000,9133.500000,9131.000000,9131.500000,757030,
2020-06-27T14:15:00Z,XBTUSD,9131.500000,9131.500000,9126.500000,9126.500000,1582323,
2020-06-27T14:16:00Z,XBTUSD,9126.500000,9131.500000,9116.500000,9131.500000,5601761,
2020-06-27T14:17:00Z,XBTUSD,9131.500000,9140.000000,9131.000000,9140.000000,1344503,
2020-06-27T14:18:00Z,XBTUSD,9140.000000,9154.000000,9139.500000,9153.500000,2061891,
2020-06-27T14:19:00Z,XBTUSD,9153.500000,9154.000000,9145.000000,9145.500000,1270044,
2020-06-27T14:20:00Z,XBTUSD,9145.500000,9145.500000,9145.000000,9145.500000,299881,
2020-06-27T14:21:00Z,XBTUSD,9145.500000,9145.500000,9142.000000,9142.000000,390614,
2020-06-27T14:22:00Z,XBTUSD,9142.000000,9142.500000,9142.000000,9142.000000,33745,
2020-06-27T14:23:00Z,XBTUSD,9142.000000,9142.500000,9142.000000,9142.000000,19528,
2020-06-27T14:24:00Z,XBTUSD,9142.000000,9142.500000,9142.000000,9142.500000,154923,
2020-06-27T14:25:00Z,XBTUSD,9142.500000,9142.500000,9142.000000,9142.000000,336727,
2020-06-27T14:26:00Z,XBTUSD,9142.000000,9142.500000,9142.000000,9142.500000,63025,
2020-06-27T14:27:00Z,XBTUSD,9142.500000,9142.500000,9142.000000,9142.500000,141280,
2020-06-27T14:28:00Z,XBTUSD,9142.500000,9142.500000,9142.000000,9142.000000,81164,
2020-06-27T14:29:00Z,XBTUSD,9142.000000,9142.500000,9142.000000,9142.500000,188730,
2020-06-27T14:30:00Z,XBTUSD,9142.500000,9142.500000,9142.000000,9142.000000,15985,
2020-06-27T14:31:00Z,XBTUSD,9142.000000,9142.500000,9142.000000,9142.500000,27864,
2020-06-27T14:32:00Z,XBTUSD,9142.500000,9142.500000,9142.000000,9142.500000,420543,
2020-06-27T14:33:00Z,XBTUSD,9142.500000,9147.500000,9142.000000,9147.000000,767133,
2020-06-27T14:34:00Z,XBTUSD,9147.000000,9151.500000,9147.500000,9151.500000,836468,
2020-06-27T14:35:00Z,XBTUSD,9151.500000,9151.500000,9151.000000,9151.000000,106388,
2020-06-27T14:36:00Z,XBTUSD,9151.000000,9151.500000,9151.000000,9151.500000,92317,
2020-06-27T14:37:00Z,XBTUSD,9151.500000,9151.500000,9151.000000,9151.500000,65268,
2020-06-27T14:38:00Z,XBTUSD,9151.500000,9151.500000,9151.000000,9151.000000,358158,
2020-06-27T14:39:00Z,XBTUSD,9151.000000,9151.500000,9151.000000,9151.000000,63436,
2020-06-27T14:40:00Z,XBTUSD,9151.000000,9151.500000,9151.000000,9151.000000,11959,
2020-06-27T14:41:00Z,XBTUSD,9151.000000,9151.500000,9151.000000,9151.000000,16923,
2020-06-27T14:42:00Z,XBTUSD,9151.000000,9151.500000,9151.000000,9151.000000,1480,
2020-06-27T14:43:00Z,XBTUSD,9151.000000,9151.500000,9151.000000,9151.500000,10173,
2020-06-27T14:44:00Z,XBTUSD,9151.500000,9151.500000,9151.000000,9151.500000,87633,
2020-06-27T14:45:00Z,XBTUSD,9151.500000,9151.500000,9151.000000,9151.000000,52767,
2020-06-27T14:46:00Z,XBTUSD,9151.000000,9151.500000,9148.500000,9149.000000,441697,
2020-06-27T14:47:00Z,XBTUSD,9149.000000,9149.000000,9148.500000,9149.000000,281176,
2020-06-27T14:48:00Z,XBTUSD,9149.000000,9149.000000,9148.500000,9149.000000,108873,
2020-06-27T14:49:00Z,XBTUSD,9149.000000,9149.000000,9147.500000,9147.500000,67606,
2020-06-27T14:50:00Z,XBTUSD,9147.500000,9147.500000,9144.500000,9145.000000,79699,
2020-06-27T14:51:00Z,XBTUSD,9145.000000,9145.000000,9144.500000,9144.500000,33456,
2020-06-27T14:52:00Z,XBTUSD,9144.500000,9145.000000,9144.500000,9144.500000,7065,
2020-06-27T14:53:00Z,XBTUSD,9144.500000,9145.000000,9144.500000,9144.500000,7621,
2020-06-27T14:54:00Z,XBTUSD,9144.500000,9145.000000,9144.500000,9144.500000,8300,
2020-06-27T14:55:00Z,XBTUSD,9144.500000,9145.000000,9144.500000,9145.000000,3474,
2020-06-27T14:56:00Z,XBTUSD,9145.000000,9145.000000,9144.500000,9144.500000,89631,
2020-06-27T14:57:00Z,XBTUSD,9144.500000,9145.000000,9144.500000,9145.000000,426910,
2020-06-27T14:58:00Z,XBTUSD,9145.000000,9145.000000,9142.000000,9142.500000,594839,
2020-06-27T14:59:00Z,XBTUSD,9142.500000,9142.500000,9138.500000,9139.000000,359831,
2020-06-27T15:00:00Z,XBTUSD,9139.000000,9139.000000,9137.500000,9138.000000,254643,
2020-06-27T15:01:00Z,XBTUSD,9138.000000,9138.000000,9137.500000,9137.500000,153103,
2020-06-27T15:02:00Z,XBTUSD,9137.500000,9138.000000,9137.500000,9138.000000,158209,
2020-06-27T15:03:00Z,XBTUSD,9138.000000,9138.000000,9137.000000,9137.500000,331282,
2020-06-27T15:04:00Z,XBTUSD,9137.500000,9137.500000,9137.000000,9137.500000,39711,
2020-06-27T15:05:00Z,XBTUSD,9137.500000,9137.000000,9135.000000,9135.000000,654761,
2020-06-27T15:06:00Z,XBTUSD,9135.000000,9135.500000,9135.000000,9135.000000,34325,
2020-06-27T15:07:00Z,XBTUSD,9135.000000,9135.500000,9135.000000,9135.000000,7855,
2020-06-27T15:08:00Z,XBTUSD,9135.000000,9135.500000,9135.000000,9135.500000,21512,
2020-06-27T15:09:00Z,XBTUSD,9135.500000,9139.500000,9135.000000,9139.500000,1379538,
2020-06-27T15:10:00Z,XBTUSD,9139.500000,9139.500000,9139.000000,9139.500000,41130,
2020-06-27T15:11:00Z,XBTUSD,9139.500000,9139.500000,9137.000000,9137.000000,135353,
2020-06-27T15:12:00Z,XBTUSD,9137.000000,9137.500000,9135.000000,9135.000000,230283,
2020-06-27T15:13:00Z,XBTUSD,9135.000000,9135.500000,9131.000000,9131.000000,1099735,
2020-06-27T15:14:00Z,XBTUSD,9131.000000,9131.500000,9128.000000,9128.500000,499921,
2020-06-27T15:15:00Z,XBTUSD,9128.500000,9128.500000,9128.000000,9128.500000,54384,
2020-06-27T15:16:00Z,XBTUSD,9128.500000,9135.500000,9128.000000,9135.500000,1148923,
2020-06-27T15:17:00Z,XBTUSD,9135.500000,9135.500000,9135.000000,9135.500000,53390,
2020-06-27T15:18:00Z,XBTUSD,9135.500000,9135.500000,9130.500000,9135.000000,408757,
2020-06-27T15:19:00Z,XBTUSD,9135.000000,9135.000000,9134.500000,9135.000000,29769,
2020-06-27T15:20:00Z,XBTUSD,9135.000000,9138.000000,9134.500000,9138.000000,568615,
2020-06-27T15:21:00Z,XBTUSD,9138.000000,9138.000000,9137.500000,9137.500000,116825,
2020-06-27T15:22:00Z,XBTUSD,9137.500000,9138.000000,9137.500000,9138.000000,415937,
2020-06-27T15:23:00Z,XBTUSD,9138.000000,9138.000000,9137.500000,9138.000000,161252,
2020-06-27T15:24:00Z,XBTUSD,9138.000000,9138.000000,9137.500000,9138.000000,41066,
2020-06-27T15:25:00Z,XBTUSD,9138.000000,9138.000000,9137.500000,9137.500000,22870,
2020-06-27T15:26:00Z,XBTUSD,9137.500000,9138.000000,9137.500000,9137.500000,17041,
2020-06-27T15:27:00Z,XBTUSD,9137.500000,9138.000000,9134.500000,9134.500000,420743,
2020-06-27T15:28:00Z,XBTUSD,9134.500000,9135.000000,9129.500000,9130.000000,234833,
2020-06-27T15:29:00Z,XBTUSD,9130.000000,9130.000000,9127.000000,9127.000000,668323,
2020-06-27T15:30:00Z,XBTUSD,9127.000000,9127.500000,9127.000000,9127.500000,60006,
2020-06-27T15:31:00Z,XBTUSD,9127.500000,9127.500000,9122.500000,9123.000000,1117468,
2020-06-27T15:32:00Z,XBTUSD,9123.000000,9123.000000,9120.500000,9121.000000,852351,
2020-06-27T15:33:00Z,XBTUSD,9121.000000,9120.500000,9106.500000,9119.000000,7115104,
2020-06-27T15:34:00Z,XBTUSD,9119.000000,9155.000000,9118.500000,9149.500000,6107875,
2020-06-27T15:35:00Z,XBTUSD,9149.500000,9149.500000,9143.000000,9143.500000,1412432,
2020-06-27T15:36:00Z,XBTUSD,9143.500000,9146.500000,9143.000000,9146.000000,471906,
2020-06-27T15:37:00Z,XBTUSD,9146.000000,9146.500000,9146.000000,9146.000000,142972,
2020-06-27T15:38:00Z,XBTUSD,9146.000000,9146.500000,9146.000000,9146.500000,72263,
2020-06-27T15:39:00Z,XBTUSD,9146.500000,9146.500000,9141.500000,9141.500000,1455154,
2020-06-27T15:40:00Z,XBTUSD,9141.500000,9142.000000,9141.500000,9142.000000,104677,
2020-06-27T15:41:00Z,XBTUSD,9142.000000,9147.000000,9141.500000,9147.000000,1890740,
2020-06-27T15:42:00Z,XBTUSD,9147.000000,9147.000000,9142.500000,9142.500000,144635,
2020-06-27T15:43:00Z,XBTUSD,9142.500000,9143.000000,9142.500000,9142.500000,211533,
2020-06-27T15:44:00Z,XBTUSD,9142.500000,9143.000000,9142.500000,9143.000000,207933,
2020-06-27T15:45:00Z,XBTUSD,9143.000000,9143.000000,9142.500000,9142.500000,55201,
2020-06-27T15:46:00Z,XBTUSD,9142.500000,9143.000000,9142.500000,9142.500000,24686,
2020-06-27T15:47:00Z,XBTUSD,9142.500000,9143.000000,9142.500000,9142.500000,154305,
2020-06-27T15:48:00Z,XBTUSD,9142.500000,9143.000000,9140.000000,9140.000000,213771,
2020-06-27T15:49:00Z,XBTUSD,9140.000000,9140.000000,9136.000000,9136.000000,384529,
2020-06-27T15:50:00Z,XBTUSD,9136.000000,9136.500000,9136.000000,9136.000000,132518,
2020-06-27T15:51:00Z,XBTUSD,9136.000000,9136.500000,9136.000000,9136.000000,163589,
2020-06-27T15:52:00Z,XBTUSD,9136.000000,9136.500000,9136.000000,9136.000000,121462,
2020-06-27T15:53:00Z,XBTUSD,9136.000000,9136.500000,9136.000000,9136.000000,67265,
2020-06-27T15:54:00Z,XBTUSD,9136.000000,9136.500000,9136.000000,9136.000000,53570,
2020-06-27T15:55:00Z,XBTUSD,9136.000000,9136.500000,9136.000000,9136.500000,31262,
2020-06-27T15:56:00Z,XBTUSD,9136.500000,9136.500000,9135.000000,9135.000000,218535,
2020-06-27T15:57:00Z,XBTUSD,9135.000000,9135.500000,9135.000000,9135.000000,172503,
2020-06-27T15:58:00Z,XBTUSD,9135.000000,9135.500000,9135.000000,9135.000000,98859,
2020-06-27T15:59:00Z,XBTUSD,9135.000000,9135.000000,9132.000000,9132.000000,434685,
2020-06-27T16:00:00Z,XBTUSD,9132.000000,9132.500000,9119.500000,9124.000000,5229185,
2020-06-27T16:01:00Z,XBTUSD,9124.000000,9124.000000,9119.500000,9124.000000,1263356,
2020-06-27T16:02:00Z,XBTUSD,9124.000000,9124.000000,9116.000000,9116.500000,1383075,
2020-06-27T16:03:00Z,XBTUSD,9116.500000,9118.000000,9116.000000,9118.000000,837085,
2020-06-27T16:04:00Z,XBTUSD,9118.000000,9122.500000,9117.500000,9121.000000,805874,
2020-06-27T16:05:00Z,XBTUSD,9121.000000,9125.000000,9120.500000,9125.000000,345263,
2020-06-27T16:06:00Z,XBTUSD,9125.000000,9125.000000,9105.000000,9118.500000,2675820,
2020-06-27T16:07:00Z,XBTUSD,9118.500000,9119.000000,9110.500000,9113.000000,603068,
2020-06-27T16:08:00Z,XBTUSD,9113.000000,9118.000000,9112.500000,9112.500000,454726,
2020-06-27T16:09:00Z,XBTUSD,9112.500000,9118.000000,9106.500000,9106.500000,672297,
2020-06-27T16:10:00Z,XBTUSD,9106.500000,9108.000000,9106.000000,9106.000000,1201784,
2020-06-27T16:11:00Z,XBTUSD,9106.000000,9106.500000,9084.000000,9095.000000,12059172,
2020-06-27T16:12:00Z,XBTUSD,9095.000000,9098.500000,9094.500000,9098.500000,870583,
2020-06-27T16:13:00Z,XBTUSD,9098.500000,9100.000000,9098.500000,9099.500000,619917,
2020-06-27T16:14:00Z,XBTUSD,9099.500000,9100.000000,9092.000000,9092.000000,1257222,
2020-06-27T16:15:00Z,XBTUSD,9092.000000,9092.000000,9065.000000,9079.000000,14437378,
2020-06-27T16:16:00Z,XBTUSD,9079.000000,9105.000000,9079.000000,9096.000000,4805124,
2020-06-27T16:17:00Z,XBTUSD,9096.000000,9096.500000,9092.000000,9094.500000,1107802,
2020-06-27T16:18:00Z,XBTUSD,9094.500000,9094.500000,9094.000000,9094.000000,672594,
2020-06-27T16:19:00Z,XBTUSD,9094.000000,9094.500000,9092.000000,9092.500000,524687,
2020-06-27T16:20:00Z,XBTUSD,9092.500000,9092.000000,9085.000000,9085.000000,1516353,
2020-06-27T16:21:00Z,XBTUSD,9085.000000,9085.500000,9073.000000,9076.000000,1742788,
2020-06-27T16:22:00Z,XBTUSD,9076.000000,9083.000000,9073.000000,9083.000000,3261678,
2020-06-27T16:23:00Z,XBTUSD,9083.000000,9090.500000,9081.500000,9082.000000,689762,
2020-06-27T16:24:00Z,XBTUSD,9082.000000,9082.000000,9080.000000,9080.000000,436765,
2020-06-27T16:25:00Z,XBTUSD,9080.000000,9085.500000,9080.000000,9084.000000,1450821,
2020-06-27T16:26:00Z,XBTUSD,9084.000000,9084.000000,9081.500000,9082.000000,979473,
2020-06-27T16:27:00Z,XBTUSD,9082.000000,9084.000000,9081.500000,9084.000000,713108,
2020-06-27T16:28:00Z,XBTUSD,9084.000000,9097.000000,9083.500000,9097.000000,1500758,
2020-06-27T16:29:00Z,XBTUSD,9097.000000,9097.000000,9089.500000,9089.500000,784752,
2020-06-27T16:30:00Z,XBTUSD,9089.500000,9090.000000,9089.500000,9090.000000,297212,
2020-06-27T16:31:00Z,XBTUSD,9090.000000,9090.000000,9081.500000,9084.000000,954309,
2020-06-27T16:32:00Z,XBTUSD,9084.000000,9084.000000,9083.500000,9083.500000,118899,
2020-06-27T16:33:00Z,XBTUSD,9083.500000,9083.500000,9077.500000,9078.000000,1698421,
2020-06-27T16:34:00Z,XBTUSD,9078.000000,9078.000000,9065.500000,9068.500000,3063214,
2020-06-27T16:35:00Z,XBTUSD,9068.500000,9073.000000,9066.000000,9066.500000,1187140,
2020-06-27T16:36:00Z,XBTUSD,9066.500000,9076.000000,9066.000000,9070.500000,1345873,
2020-06-27T16:37:00Z,XBTUSD,9070.500000,9071.000000,9067.000000,9070.500000,950264,
2020-06-27T16:38:00Z,XBTUSD,9070.500000,9075.000000,9070.000000,9070.000000,218188,
2020-06-27T16:39:00Z,XBTUSD,9070.000000,9078.500000,9069.000000,9078.500000,955369,
2020-06-27T16:40:00Z,XBTUSD,9078.500000,9078.500000,9071.500000,9071.500000,359783,
2020-06-27T16:41:00Z,XBTUSD,9071.500000,9072.000000,9064.000000,9066.500000,2902956,
2020-06-27T16:42:00Z,XBTUSD,9066.500000,9067.000000,9055.500000,9060.000000,4202733,
2020-06-27T16:43:00Z,XBTUSD,9060.000000,9068.000000,9060.000000,9065.000000,2122979,
2020-06-27T16:44:00Z,XBTUSD,9065.000000,9065.500000,9058.500000,9058.500000,572027,
2020-06-27T16:45:00Z,XBTUSD,9058.500000,9067.000000,9058.500000,9067.000000,787734,
2020-06-27T16:46:00Z,XBTUSD,9067.000000,9067.000000,9056.000000,9059.500000,2317955,
2020-06-27T16:47:00Z,XBTUSD,9059.500000,9064.000000,9059.500000,9060.000000,1964088,
2020-06-27T16:48:00Z,XBTUSD,9060.000000,9070.000000,9059.500000,9070.000000,756121,
2020-06-27T16:49:00Z,XBTUSD,9070.000000,9070.000000,9069.500000,9070.000000,206241,
2020-06-27T16:50:00Z,XBTUSD,9070.000000,9079.000000,9070.000000,9076.500000,896529,
2020-06-27T16:51:00Z,XBTUSD,9076.500000,9076.500000,9076.000000,9076.500000,267036,
2020-06-27T16:52:00Z,XBTUSD,9076.500000,9079.000000,9074.000000,9074.000000,1278531,
2020-06-27T16:53:00Z,XBTUSD,9074.000000,9076.500000,9074.000000,9076.000000,217507,
2020-06-27T16:54:00Z,XBTUSD,9076.000000,9076.500000,9070.500000,9071.000000,821950,
2020-06-27T16:55:00Z,XBTUSD,9071.000000,9071.000000,9070.500000,9071.000000,162625,
2020-06-27T16:56:00Z,XBTUSD,9071.000000,9083.000000,9070.500000,9083.000000,2623133,
2020-06-27T16:57:00Z,XBTUSD,9083.000000,9085.000000,9081.000000,9085.000000,1315889,
2020-06-27T16:58:00Z,XBTUSD,9085.000000,9085.500000,9084.500000,9085.500000,1155730,
2020-06-27T16:59:00Z,XBTUSD,9085.500000,9086.500000,9085.000000,9086.000000,257846,
2020-06-27T17:00:00Z,XBTUSD,9086.000000,9086.500000,9086.000000,9086.000000,687810,
2020-06-27T17:01:00Z,XBTUSD,9086.000000,9086.500000,9078.000000,9084.500000,2023679,
2020-06-27T17:02:00Z,XBTUSD,9084.500000,9089.000000,9084.500000,9088.500000,933570,
2020-06-27T17:03:00Z,XBTUSD,9088.500000,9089.000000,9088.500000,9089.000000,100251,
2020-06-27T17:04:00Z,XBTUSD,9089.000000,9089.000000,9088.500000,9089.000000,305922,
2020-06-27T17:05:00Z,XBTUSD,9089.000000,9097.000000,9088.500000,9096.500000,2113807,
2020-06-27T17:06:00Z,XBTUSD,9096.500000,9102.000000,9096.000000,9102.000000,1572977,
2020-06-27T17:07:00Z,XBTUSD,9102.000000,9132.500000,9101.500000,9120.500000,11792135,
2020-06-27T17:08:00Z,XBTUSD,9120.500000,9120.000000,9118.000000,9118.500000,1306112,
2020-06-27T17:09:00Z,XBTUSD,9118.500000,9118.500000,9110.000000,9110.000000,1503545,
2020-06-27T17:10:00Z,XBTUSD,9110.000000,9114.500000,9107.000000,9108.500000,1164123,
2020-06-27T17:11:00Z,XBTUSD,9108.500000,9108.500000,9103.500000,9104.000000,383004,
2020-06-27T17:12:00Z,XBTUSD,9104.000000,9104.000000,9103.000000,9103.500000,310886,
2020-06-27T17:13:00Z,XBTUSD,9103.500000,9104.000000,9103.000000,9103.500000,317390,
2020-06-27T17:14:00Z,XBTUSD,9103.500000,9104.000000,9103.500000,9103.500000,169157,
2020-06-27T17:15:00Z,XBTUSD,9103.500000,9104.000000,9103.500000,9103.500000,48264,
2020-06-27T17:16:00Z,XBTUSD,9103.500000,9104.000000,9097.000000,9097.000000,1307669,
2020-06-27T17:17:00Z,XBTUSD,9097.000000,9097.500000,9082.000000,9082.000000,1799734,
2020-06-27T17:18:00Z,XBTUSD,9082.000000,9085.000000,9081.000000,9081.500000,706798,
2020-06-27T17:19:00Z,XBTUSD,9081.500000,9081.500000,9081.000000,9081.000000,191166,
2020-06-27T17:20:00Z,XBTUSD,9081.000000,9081.500000,9081.000000,9081.000000,138740,
2020-06-27T17:21:00Z,XBTUSD,9081.000000,9081.500000,9081.000000,9081.500000,219546,
2020-06-27T17:22:00Z,XBTUSD,9081.500000,9088.500000,9081.000000,9088.500000,873127,
2020-06-27T17:23:00Z,XBTUSD,9088.500000,9088.500000,9088.000000,9088.000000,72549,
2020-06-27T17:24:00Z,XBTUSD,9088.000000,9088.500000,9086.000000,9086.000000,915661,
2020-06-27T17:25:00Z,XBTUSD,9086.000000,9086.500000,9085.500000,9085.500000,192308,
2020-06-27T17:26:00Z,XBTUSD,9085.500000,9086.000000,9085.500000,9086.000000,681429,
2020-06-27T17:27:00Z,XBTUSD,9086.000000,9086.000000,9081.000000,9081.000000,532701,
2020-06-27T17:28:00Z,XBTUSD,9081.000000,9087.000000,9081.000000,9087.000000,851751,
2020-06-27T17:29:00Z,XBTUSD,9087.000000,9096.500000,9087.000000,9096.500000,1028577,
2020-06-27T17:30:00Z,XBTUSD,9096.500000,9096.500000,9093.000000,9093.500000,1246920,
2020-06-27T17:31:00Z,XBTUSD,9093.500000,9093.500000,9085.500000,9086.000000,413941,
2020-06-27T17:32:00Z,XBTUSD,9086.000000,9086.000000,9080.000000,9080.500000,972620,
2020-06-27T17:33:00Z,XBTUSD,9080.500000,9080.500000,9080.000000,9080.500000,131458,
2020-06-27T17:34:00Z,XBTUSD,9080.500000,9080.500000,9080.000000,9080.500000,98773,
2020-06-27T17:35:00Z,XBTUSD,9080.500000,9080.500000,9080.000000,9080.000000,123232,
2020-06-27T17:36:00Z,XBTUSD,9080.000000,9080.500000,9077.500000,9078.000000,728259,
2020-06-27T17:37:00Z,XBTUSD,9078.000000,9089.000000,9077.500000,9088.500000,981497,
2020-06-27T17:38:00Z,XBTUSD,9088.500000,9093.500000,9088.500000,9093.000000,972902,
2020-06-27T17:39:00Z,XBTUSD,9093.000000,9093.000000,9089.000000,9089.000000,118927,
2020-06-27T17:40:00Z,XBTUSD,9089.000000,9089.500000,9085.500000,9085.500000,188364,
2020-06-27T17:41:00Z,XBTUSD,9085.500000,9085.500000,9072.000000,9072.500000,867317,
2020-06-27T17:42:00Z,XBTUSD,9072.500000,9078.500000,9072.000000,9075.000000,1101490,
2020-06-27T17:43:00Z,XBTUSD,9075.000000,9075.000000,9051.000000,9061.000000,7922882,
2020-06-27T17:44:00Z,XBTUSD,9061.000000,9061.000000,9055.000000,9061.000000,1143315,
2020-06-27T17:45:00Z,XBTUSD,9061.000000,9068.000000,9060.500000,9065.000000,774973,
2020-06-27T17:46:00Z,XBTUSD,9065.000000,9065.500000,9064.000000,9064.500000,417200,
2020-06-27T17:47:00Z,XBTUSD,9064.500000,9069.000000,9064.500000,9069.000000,222656,
2020-06-27T17:48:00Z,XBTUSD,9069.000000,9069.000000,9064.000000,9064.000000,1128792,
2020-06-27T17:49:00Z,XBTUSD,9064.000000,9067.000000,9064.000000,9067.000000,413805,
2020-06-27T17:50:00Z,XBTUSD,9067.000000,9070.000000,9066.500000,9070.000000,305157,
2020-06-27T17:51:00Z,XBTUSD,9070.000000,9070.000000,9050.000000,9050.000000,2520658,
2020-06-27T17:52:00Z,XBTUSD,9050.000000,9067.500000,9046.000000,9058.000000,6757952,
2020-06-27T17:53:00Z,XBTUSD,9058.000000,9058.500000,9054.000000,9054.000000,654256,
2020-06-27T17:54:00Z,XBTUSD,9054.000000,9059.000000,9054.000000,9059.000000,541556,
2020-06-27T17:55:00Z,XBTUSD,9059.000000,9059.000000,9058.500000,9058.500000,99345,
2020-06-27T17:56:00Z,XBTUSD,9058.500000,9059.000000,9058.500000,9059.000000,278801,
2020-06-27T17:57:00Z,XBTUSD,9059.000000,9072.000000,9058.500000,9071.500000,1584704,
2020-06-27T17:58:00Z,XBTUSD,9071.500000,9072.500000,9066.500000,9066.500000,1173192,
2020-06-27T17:59:00Z,XBTUSD,9066.500000,9067.500000,9066.500000,9067.000000,754079,
2020-06-27T18:00:00Z,XBTUSD,9067.000000,9070.000000,9067.000000,9067.000000,1577914,
2020-06-27T18:01:00Z,XBTUSD,9067.000000,9067.500000,9054.500000,9055.000000,1467321,
2020-06-27T18:02:00Z,XBTUSD,9055.000000,9064.500000,9054.500000,9064.500000,688699,
2020-06-27T18:03:00Z,XBTUSD,9064.500000,9070.000000,9064.500000,9069.500000,665697,
2020-06-27T18:04:00Z,XBTUSD,9069.500000,9073.000000,9069.500000,9072.500000,1593951,
2020-06-27T18:05:00Z,XBTUSD,9072.500000,9077.500000,9072.500000,9077.000000,1281905,
2020-06-27T18:06:00Z,XBTUSD,9077.000000,9077.500000,9076.500000,9076.500000,604450,
2020-06-27T18:07:00Z,XBTUSD,9076.500000,9077.000000,9076.000000,9076.000000,328452,
2020-06-27T18:08:00Z,XBTUSD,9076.000000,9076.500000,9072.000000,9072.000000,530797,
2020-06-27T18:09:00Z,XBTUSD,9072.000000,9072.500000,9071.500000,9071.500000,157556,
2020-06-27T18:10:00Z,XBTUSD,9071.500000,9072.000000,9070.000000,9070.000000,474331,
2020-06-27T18:11:00Z,XBTUSD,9070.000000,9078.000000,9067.500000,9078.000000,1368390,
2020-06-27T18:12:00Z,XBTUSD,9078.000000,9078.000000,9077.500000,9078.000000,102325,
2020-06-27T18:13:00Z,XBTUSD,9078.000000,9078.000000,9072.500000,9072.500000,420129,
2020-06-27T18:14:00Z,XBTUSD,9072.500000,9072.500000,9070.500000,9071.000000,63475,
2020-06-27T18:15:00Z,XBTUSD,9071.000000,9071.000000,9070.500000,9070.500000,33182,
2020-06-27T18:16:00Z,XBTUSD,9070.500000,9071.000000,9070.500000,9070.500000,279633,
2020-06-27T18:17:00Z,XBTUSD,9070.500000,9073.500000,9070.500000,9071.500000,695095,
2020-06-27T18:18:00Z,XBTUSD,9071.500000,9075.000000,9071.000000,9072.000000,247196,
2020-06-27T18:19:00Z,XBTUSD,9072.000000,9074.500000,9071.500000,9074.500000,47080,
2020-06-27T18:20:00Z,XBTUSD,9074.500000,9077.500000,9074.000000,9077.000000,664385,
2020-06-27T18:21:00Z,XBTUSD,9077.000000,9078.500000,9077.000000,9078.500000,223082,
2020-06-27T18:22:00Z,XBTUSD,9078.500000,9080.000000,9078.500000,9080.000000,384183,
2020-06-27T18:23:00Z,XBTUSD,9080.000000,9080.000000,9079.500000,9079.500000,868908,
2020-06-27T18:24:00Z,XBTUSD,9079.500000,9080.000000,9079.000000,9079.000000,170865,
2020-06-27T18:25:00Z,XBTUSD,9079.000000,9079.500000,9077.000000,9077.000000,190237,
2020-06-27T18:26:00Z,XBTUSD,9077.000000,9076.500000,9067.500000,9067.500000,740962,
2020-06-27T18:27:00Z,XBTUSD,9067.500000,9067.500000,9065.500000,9065.500000,426566,
2020-06-27T18:28:00Z,XBTUSD,9065.500000,9066.000000,9065.500000,9065.500000,41446,
2020-06-27T18:29:00Z,XBTUSD,9065.500000,9066.000000,9065.500000,9065.500000,274354,
2020-06-27T18:30:00Z,XBTUSD,9065.500000,9066.000000,9065.500000,9066.000000,212006,
2020-06-27T18:31:00Z,XBTUSD,9066.000000,9070.000000,9065.500000,9070.000000,247539,
2020-06-27T18:32:00Z,XBTUSD,9070.000000,9075.000000,9069.500000,9075.000000,273430,
2020-06-27T18:33:00Z,XBTUSD,9075.000000,9078.000000,9074.500000,9078.000000,601921,
2020-06-27T18:34:00Z,XBTUSD,9078.000000,9078.000000,9074.500000,9075.000000,404138,
2020-06-27T18:35:00Z,XBTUSD,9075.000000,9075.000000,9074.500000,9074.500000,153308,
2020-06-27T18:36:00Z,XBTUSD,9074.500000,9079.000000,9074.500000,9079.000000,674519,
2020-06-27T18:37:00Z,XBTUSD,9079.000000,9079.000000,9078.500000,9079.000000,52229,
2020-06-27T18:38:00Z,XBTUSD,9079.000000,9080.500000,9078.500000,9080.000000,334422,
2020-06-27T18:39:00Z,XBTUSD,9080.000000,9080.500000,9077.500000,9077.500000,534365,
2020-06-27T18:40:00Z,XBTUSD,9077.500000,9078.000000,9077.500000,9077.500000,37209,
2020-06-27T18:41:00Z,XBTUSD,9077.500000,9078.000000,9077.000000,9077.000000,233540,
2020-06-27T18:42:00Z,XBTUSD,9077.000000,9077.500000,9075.000000,9075.000000,180222,
2020-06-27T18:43:00Z,XBTUSD,9075.000000,9080.000000,9070.500000,9080.000000,644031,
2020-06-27T18:44:00Z,XBTUSD,9080.000000,9087.000000,9079.500000,9086.500000,1197714,
2020-06-27T18:45:00Z,XBTUSD,9086.500000,9087.000000,9086.000000,9086.500000,118513,
2020-06-27T18:46:00Z,XBTUSD,9086.500000,9086.500000,9086.000000,9086.000000,217831,
2020-06-27T18:47:00Z,XBTUSD,9086.000000,9086.500000,9086.000000,9086.000000,54318,
2020-06-27T18:48:00Z,XBTUSD,9086.000000,9086.000000,9083.000000,9083.000000,108987,
2020-06-27T18:49:00Z,XBTUSD,9083.000000,9083.000000,9081.000000,9081.000000,492806,
2020-06-27T18:50:00Z,XBTUSD,9081.000000,9086.500000,9081.000000,9086.000000,294003,
2020-06-27T18:51:00Z,XBTUSD,9086.000000,9090.000000,9086.000000,9089.500000,761707,
2020-06-27T18:52:00Z,XBTUSD,9089.500000,9091.000000,9089.500000,9091.000000,184397,
2020-06-27T18:53:00Z,XBTUSD,9091.000000,9091.000000,9090.500000,9091.000000,148104,
2020-06-27T18:54:00Z,XBTUSD,9091.000000,9091.000000,9090.500000,9090.500000,193132,
2020-06-27T18:55:00Z,XBTUSD,9090.500000,9091.000000,9086.000000,9088.500000,880329,
2020-06-27T18:56:00Z,XBTUSD,9088.500000,9088.500000,9088.000000,9088.000000,275877,
2020-06-27T18:57:00Z,XBTUSD,9088.000000,9088.500000,9087.500000,9087.500000,337810,
2020-06-27T18:58:00Z,XBTUSD,9087.500000,9088.000000,9080.500000,9080.500000,311931,
2020-06-27T18:59:00Z,XBTUSD,9080.500000,9081.000000,9080.000000,9080.000000,231338,
2020-06-27T19:00:00Z,XBTUSD,9080.000000,9080.000000,9078.000000,9078.500000,165532,
2020-06-27T19:01:00Z,XBTUSD,9078.500000,9078.500000,9078.000000,9078.500000,432309,
2020-06-27T19:02:00Z,XBTUSD,9078.500000,9078.500000,9078.000000,9078.500000,53624,
2020-06-27T19:03:00Z,XBTUSD,9078.500000,9084.500000,9078.500000,9084.000000,934461,
2020-06-27T19:04:00Z,XBTUSD,9084.000000,9084.500000,9084.000000,9084.000000,501855,
2020-06-27T19:05:00Z,XBTUSD,9084.000000,9084.500000,9078.000000,9078.000000,705248,
2020-06-27T19:06:00Z,XBTUSD,9078.000000,9078.500000,9078.000000,9078.000000,54039,
2020-06-27T19:07:00Z,XBTUSD,9078.000000,9078.500000,9071.000000,9071.000000,1450776,
2020-06-27T19:08:00Z,XBTUSD,9071.000000,9071.500000,9066.500000,9068.500000,975129,
2020-06-27T19:09:00Z,XBTUSD,9068.500000,9068.500000,9068.000000,9068.500000,117872,
2020-06-27T19:10:00Z,XBTUSD,9068.500000,9074.000000,9068.000000,9073.500000,320239,
2020-06-27T19:11:00Z,XBTUSD,9073.500000,9080.000000,9073.500000,9079.500000,368340,
2020-06-27T19:12:00Z,XBTUSD,9079.500000,9080.000000,9079.500000,9080.000000,218303,
2020-06-27T19:13:00Z,XBTUSD,9080.000000,9080.000000,9079.500000,9079.500000,11985,
2020-06-27T19:14:00Z,XBTUSD,9079.500000,9080.000000,9079.500000,9079.500000,37489,
2020-06-27T19:15:00Z,XBTUSD,9079.500000,9084.500000,9079.500000,9084.500000,240429,
2020-06-27T19:16:00Z,XBTUSD,9084.500000,9084.500000,9084.000000,9084.000000,147256,
2020-06-27T19:17:00Z,XBTUSD,9084.000000,9084.500000,9084.000000,9084.000000,253237,
2020-06-27T19:18:00Z,XBTUSD,9084.000000,9084.000000,9081.000000,9081.500000,184341,
2020-06-27T19:19:00Z,XBTUSD,9081.500000,9081.500000,9081.000000,9081.500000,27608,
2020-06-27T19:20:00Z,XBTUSD,9081.500000,9081.500000,9081.000000,9081.000000,31070,
2020-06-27T19:21:00Z,XBTUSD,9081.000000,9081.500000,9081.000000,9081.000000,36782,
2020-06-27T19:22:00Z,XBTUSD,9081.000000,9081.500000,9075.000000,9075.500000,836118,
2020-06-27T19:23:00Z,XBTUSD,9075.500000,9075.500000,9073.500000,9074.000000,243950,
2020-06-27T19:24:00Z,XBTUSD,9074.000000,9074.000000,9073.500000,9074.000000,36627,
2020-06-27T19:25:00Z,XBTUSD,9074.000000,9074.000000,9073.500000,9074.000000,19705,
2020-06-27T19:26:00Z,XBTUSD,9074.000000,9074.000000,9069.500000,9070.000000,1121010,
2020-06-27T19:27:00Z,XBTUSD,9070.000000,9070.000000,9069.500000,9070.000000,32739,
2020-06-27T19:28:00Z,XBTUSD,9070.000000,9070.000000,9069.500000,9070.000000,1545312,
2020-06-27T19:29:00Z,XBTUSD,9070.000000,9070.000000,9069.500000,9070.000000,206160,
2020-06-27T19:30:00Z,XBTUSD,9070.000000,9070.000000,9069.500000,9069.500000,612713,
2020-06-27T19:31:00Z,XBTUSD,9069.500000,9070.000000,9049.500000,9051.500000,8255021,
2020-06-27T19:32:00Z,XBTUSD,9051.500000,9058.500000,9051.000000,9056.000000,1480787,
2020-06-27T19:33:00Z,XBTUSD,9056.000000,9056.000000,9055.500000,9056.000000,343592,
2020-06-27T19:34:00Z,XBTUSD,9056.000000,9059.000000,9056.000000,9058.500000,500967,
2020-06-27T19:35:00Z,XBTUSD,9058.500000,9059.000000,9058.500000,9058.500000,346981,
2020-06-27T19:36:00Z,XBTUSD,9058.500000,9059.000000,9058.500000,9059.000000,111643,
2020-06-27T19:37:00Z,XBTUSD,9059.000000,9059.000000,9058.500000,9059.000000,215028,
2020-06-27T19:38:00Z,XBTUSD,9059.000000,9059.000000,9058.500000,9059.000000,70972,
2020-06-27T19:39:00Z,XBTUSD,9059.000000,9059.000000,9058.500000,9058.500000,322683,
2020-06-27T19:40:00Z,XBTUSD,9058.500000,9059.000000,9058.500000,9058.500000,12325,
2020-06-27T19:41:00Z,XBTUSD,9058.500000,9059.000000,9056.000000,9056.000000,1421485,
2020-06-27T19:42:00Z,XBTUSD,9056.000000,9056.500000,9050.000000,9050.000000,968500,
2020-06-27T19:43:00Z,XBTUSD,9050.000000,9054.500000,9046.000000,9054.000000,1600582,
2020-06-27T19:44:00Z,XBTUSD,9054.000000,9054.500000,9054.000000,9054.500000,313958,
2020-06-27T19:45:00Z,XBTUSD,9054.500000,9054.500000,8950.000000,8997.500000,28512447,
2020-06-27T19:46:00Z,XBTUSD,8997.500000,9014.000000,8950.000000,8950.000000,29119835,
2020-06-27T19:47:00Z,XBTUSD,8950.000000,8986.000000,8934.500000,8959.000000,17780809,
2020-06-27T19:48:00Z,XBTUSD,8959.000000,8974.500000,8922.000000,8957.000000,12552106,
2020-06-27T19:49:00Z,XBTUSD,8957.000000,8960.500000,8922.000000,8933.000000,7028325,
2020-06-27T19:50:00Z,XBTUSD,8933.000000,8940.000000,8904.000000,8904.000000,13949502,
2020-06-27T19:51:00Z,XBTUSD,8904.000000,8905.000000,8850.000000,8850.000000,41050100,
2020-06-27T19:52:00Z,XBTUSD,8850.000000,8859.000000,8830.000000,8839.500000,21193599,
2020-06-27T19:53:00Z,XBTUSD,8839.500000,8874.000000,8827.000000,8867.000000,9211471,
2020-06-27T19:54:00Z,XBTUSD,8867.000000,8906.500000,8866.500000,8894.500000,9427829,
2020-06-27T19:55:00Z,XBTUSD,8894.500000,8894.000000,8884.000000,8888.000000,8543831,
2020-06-27T19:56:00Z,XBTUSD,8888.000000,8946.500000,8887.500000,8912.500000,10795449,
2020-06-27T19:57:00Z,XBTUSD,8912.500000,8931.500000,8912.000000,8931.000000,5133131,
2020-06-27T19:58:00Z,XBTUSD,8931.000000,8931.500000,8922.000000,8930.000000,2484960,
2020-06-27T19:59:00Z,XBTUSD,8930.000000,8942.500000,8924.500000,8938.000000,7048910,
2020-06-27T20:00:00Z,XBTUSD,8938.000000,8939.000000,8917.000000,8917.000000,2945309,
2020-06-27T20:01:00Z,XBTUSD,8917.000000,8917.500000,8885.500000,8886.000000,7988026,
2020-06-27T20:02:00Z,XBTUSD,8886.000000,8920.000000,8887.000000,8915.500000,4925371,
2020-06-27T20:03:00Z,XBTUSD,8915.500000,8930.000000,8912.500000,8922.500000,3105057,
2020-06-27T20:04:00Z,XBTUSD,8922.500000,8932.500000,8922.500000,8927.000000,3456916,
2020-06-27T20:05:00Z,XBTUSD,8927.000000,8949.000000,8926.000000,8934.500000,4282923,
2020-06-27T20:06:00Z,XBTUSD,8934.500000,8934.500000,8925.000000,8930.500000,2923551,
2020-06-27T20:07:00Z,XBTUSD,8930.500000,8931.000000,8920.000000,8920.500000,1354764,
2020-06-27T20:08:00Z,XBTUSD,8920.500000,8950.000000,8920.000000,8948.000000,3340595,
2020-06-27T20:09:00Z,XBTUSD,8948.000000,8948.500000,8927.000000,8941.000000,2433193,
2020-06-27T20:10:00Z,XBTUSD,8941.000000,8941.500000,8931.000000,8932.000000,1283543,
2020-06-27T20:11:00Z,XBTUSD,8932.000000,8951.000000,8931.500000,8951.000000,4119497,
2020-06-27T20:12:00Z,XBTUSD,8951.000000,8972.500000,8950.500000,8961.000000,10028076,
2020-06-27T20:13:00Z,XBTUSD,8961.000000,8961.500000,8951.000000,8951.000000,2180346,
2020-06-27T20:14:00Z,XBTUSD,8951.000000,8958.000000,8943.500000,8955.000000,4317654,
2020-06-27T20:15:00Z,XBTUSD,8955.000000,8955.500000,8948.000000,8948.500000,1317100,
2020-06-27T20:16:00Z,XBTUSD,8948.500000,8957.500000,8945.500000,8945.500000,2499808,
2020-06-27T20:17:00Z,XBTUSD,8945.500000,8970.000000,8937.500000,8959.500000,3333451,
2020-06-27T20:18:00Z,XBTUSD,8959.500000,8963.500000,8949.500000,8952.500000,2635356,
2020-06-27T20:19:00Z,XBTUSD,8952.500000,8963.500000,8951.500000,8960.000000,1303904,
2020-06-27T20:20:00Z,XBTUSD,8960.000000,8960.500000,8951.500000,8952.000000,581110,
2020-06-27T20:21:00Z,XBTUSD,8952.000000,8953.500000,8951.500000,8953.500000,869800,
2020-06-27T20:22:00Z,XBTUSD,8953.500000,8959.000000,8951.500000,8956.500000,3624244,
2020-06-27T20:23:00Z,XBTUSD,8956.500000,8956.500000,8954.500000,8955.000000,452283,
2020-06-27T20:24:00Z,XBTUSD,8955.000000,8960.000000,8954.500000,8956.500000,640046,
2020-06-27T20:25:00Z,XBTUSD,8956.500000,8973.500000,8956.000000,8973.500000,3765332,
2020-06-27T20:26:00Z,XBTUSD,8973.500000,8974.000000,8963.000000,8968.500000,2981451,
2020-06-27T20:27:00Z,XBTUSD,8968.500000,8968.500000,8965.000000,8965.500000,198648,
2020-06-27T20:28:00Z,XBTUSD,8965.500000,8971.000000,8965.000000,8967.000000,1251070,
2020-06-27T20:29:00Z,XBTUSD,8967.000000,8967.500000,8955.500000,8956.000000,1455341,
2020-06-27T20:30:00Z,XBTUSD,8956.000000,8956.500000,8955.500000,8956.000000,330851,
2020-06-27T20:31:00Z,XBTUSD,8956.000000,8956.500000,8954.500000,8954.500000,1388610,
2020-06-27T20:32:00Z,XBTUSD,8954.500000,8954.500000,8931.500000,8938.500000,3947095,
2020-06-27T20:33:00Z,XBTUSD,8938.500000,8944.500000,8938.500000,8944.500000,624454,
2020-06-27T20:34:00Z,XBTUSD,8944.500000,8953.000000,8944.000000,8953.000000,735213,
2020-06-27T20:35:00Z,XBTUSD,8953.000000,8953.000000,8952.500000,8953.000000,242328,
2020-06-27T20:36:00Z,XBTUSD,8953.000000,8955.000000,8952.500000,8954.500000,930385,
2020-06-27T20:37:00Z,XBTUSD,8954.500000,8955.000000,8954.500000,8954.500000,504071,
2020-06-27T20:38:00Z,XBTUSD,8954.500000,8954.500000,8949.500000,8949.500000,699311,
2020-06-27T20:39:00Z,XBTUSD,8949.500000,8950.000000,8943.000000,8943.000000,573351,
2020-06-27T20:40:00Z,XBTUSD,8943.000000,8949.500000,8943.000000,8949.000000,408528,
2020-06-27T20:41:00Z,XBTUSD,8949.000000,8949.500000,8949.000000,8949.500000,477673,
2020-06-27T20:42:00Z,XBTUSD,8949.500000,8951.500000,8949.000000,8951.500000,913249,
2020-06-27T20:43:00Z,XBTUSD,8951.500000,8955.000000,8951.000000,8954.500000,397164,
2020-06-27T20:44:00Z,XBTUSD,8954.500000,8954.500000,8951.500000,8952.000000,409467,
2020-06-27T20:45:00Z,XBTUSD,8952.000000,8955.000000,8951.500000,8954.500000,400356,
2020-06-27T20:46:00Z,XBTUSD,8954.500000,8955.000000,8922.500000,8929.500000,6966156,
2020-06-27T20:47:00Z,XBTUSD,8929.500000,8933.000000,8924.000000,8933.000000,2022127,
2020-06-27T20:48:00Z,XBTUSD,8933.000000,8933.000000,8932.000000,8932.500000,581858,
2020-06-27T20:49:00Z,XBTUSD,8932.500000,8932.500000,8932.000000,8932.500000,370999,
2020-06-27T20:50:00Z,XBTUSD,8932.500000,8932.500000,8925.500000,8925.500000,1718836,
2020-06-27T20:51:00Z,XBTUSD,8925.500000,8930.000000,8925.500000,8930.000000,633989,
2020-06-27T20:52:00Z,XBTUSD,8930.000000,8931.500000,8930.000000,8931.000000,293257,
2020-06-27T20:53:00Z,XBTUSD,8931.000000,8938.000000,8931.000000,8938.000000,931734,
2020-06-27T20:54:00Z,XBTUSD,8938.000000,8938.000000,8937.500000,8938.000000,569943,
2020-06-27T20:55:00Z,XBTUSD,8938.000000,8940.000000,8937.500000,8939.500000,926210,
2020-06-27T20:56:00Z,XBTUSD,8939.500000,8940.000000,8939.500000,8940.000000,488516,
2020-06-27T20:57:00Z,XBTUSD,8940.000000,8940.000000,8939.500000,8940.000000,1012165,
2020-06-27T20:58:00Z,XBTUSD,8940.000000,8940.000000,8939.000000,8939.000000,394299,
2020-06-27T20:59:00Z,XBTUSD,8939.000000,8939.500000,8939.000000,8939.000000,140474,
2020-06-27T21:00:00Z,XBTUSD,8939.000000,8939.500000,8939.000000,8939.000000,95817,
2020-06-27T21:01:00Z,XBTUSD,8939.000000,8939.500000,8939.000000,8939.500000,164622,
2020-06-27T21:02:00Z,XBTUSD,8939.500000,8939.500000,8939.000000,8939.500000,263941,
2020-06-27T21:03:00Z,XBTUSD,8939.500000,8939.500000,8935.500000,8935.500000,1081762,
2020-06-27T21:04:00Z,XBTUSD,8935.500000,8938.000000,8935.500000,8938.000000,355018,
2020-06-27T21:05:00Z,XBTUSD,8938.000000,8953.000000,8937.500000,8953.000000,1284361,
2020-06-27T21:06:00Z,XBTUSD,8953.000000,8955.000000,8952.500000,8954.000000,620395,
2020-06-27T21:07:00Z,XBTUSD,8954.000000,8958.500000,8954.000000,8958.500000,975133,
2020-06-27T21:08:00Z,XBTUSD,8958.500000,8960.000000,8958.000000,8960.000000,565497,
2020-06-27T21:09:00Z,XBTUSD,8960.000000,8960.000000,8958.000000,8958.500000,582277,
2020-06-27T21:10:00Z,XBTUSD,8958.500000,8962.500000,8958.000000,8961.000000,1684412,
2020-06-27T21:11:00Z,XBTUSD,8961.000000,8961.500000,8960.000000,8960.000000,601085,
2020-06-27T21:12:00Z,XBTUSD,8960.000000,8960.500000,8957.500000,8957.500000,197634,
2020-06-27T21:13:00Z,XBTUSD,8957.500000,8958.000000,8957.000000,8957.000000,168376,
2020-06-27T21:14:00Z,XBTUSD,8957.000000,8957.000000,8956.000000,8956.000000,245735,
2020-06-27T21:15:00Z,XBTUSD,8956.000000,8956.500000,8954.000000,8954.000000,644043,
2020-06-27T21:16:00Z,XBTUSD,8954.000000,8954.500000,8954.000000,8954.500000,86134,
2020-06-27T21:17:00Z,XBTUSD,8954.500000,8954.500000,8954.000000,8954.500000,125727,
2020-06-27T21:18:00Z,XBTUSD,8954.500000,8954.500000,8954.000000,8954.000000,37240,
2020-06-27T21:19:00Z,XBTUSD,8954.000000,8958.000000,8954.000000,8958.000000,442630,
2020-06-27T21:20:00Z,XBTUSD,8958.000000,8958.000000,8957.500000,8958.000000,88515,
2020-06-27T21:21:00Z,XBTUSD,8958.000000,8962.500000,8958.000000,8962.500000,518760,
2020-06-27T21:22:00Z,XBTUSD,8962.500000,8965.000000,8962.000000,8964.000000,625411,
2020-06-27T21:23:00Z,XBTUSD,8964.000000,8964.500000,8964.000000,8964.000000,177383,
2020-06-27T21:24:00Z,XBTUSD,8964.000000,8964.500000,8961.000000,8961.000000,331873,
2020-06-27T21:25:00Z,XBTUSD,8961.000000,8961.500000,8961.000000,8961.000000,237416,
2020-06-27T21:26:00Z,XBTUSD,8961.000000,8961.500000,8955.000000,8955.000000,853315,
2020-06-27T21:27:00Z,XBTUSD,8955.000000,8955.500000,8955.000000,8955.000000,88980,
2020-06-27T21:28:00Z,XBTUSD,8955.000000,8955.500000,8955.000000,8955.500000,95390,
2020-06-27T21:29:00Z,XBTUSD,8955.500000,8956.000000,8955.000000,8955.500000,224788,
2020-06-27T21:30:00Z,XBTUSD,8955.500000,8956.000000,8955.500000,8956.000000,64708,
2020-06-27T21:31:00Z,XBTUSD,8956.000000,8956.000000,8955.500000,8955.500000,81239,
2020-06-27T21:32:00Z,XBTUSD,8955.500000,8956.000000,8955.500000,8956.000000,126911,
2020-06-27T21:33:00Z,XBTUSD,8956.000000,8956.000000,8955.500000,8955.500000,538377,
2020-06-27T21:34:00Z,XBTUSD,8955.500000,8956.000000,8955.500000,8955.500000,57446,
2020-06-27T21:35:00Z,XBTUSD,8955.500000,8956.000000,8955.500000,8955.500000,431808,
2020-06-27T21:36:00Z,XBTUSD,8955.500000,8956.000000,8955.500000,8956.000000,204134,
2020-06-27T21:37:00Z,XBTUSD,8956.000000,8956.000000,8955.500000,8956.000000,152508,
2020-06-27T21:38:00Z,XBTUSD,8956.000000,8956.000000,8955.500000,8955.500000,486963,
2020-06-27T21:39:00Z,XBTUSD,8955.500000,8956.000000,8955.500000,8955.500000,51062,
2020-06-27T21:40:00Z,XBTUSD,8955.500000,8956.000000,8950.000000,8950.000000,2634916,
2020-06-27T21:41:00Z,XBTUSD,8950.000000,8950.500000,8936.500000,8937.000000,3036243,
2020-06-27T21:42:00Z,XBTUSD,8937.000000,8937.500000,8937.000000,8937.500000,972894,
2020-06-27T21:43:00Z,XBTUSD,8937.500000,8937.500000,8937.000000,8937.000000,180288,
2020-06-27T21:44:00Z,XBTUSD,8937.000000,8937.500000,8937.000000,8937.500000,68340,
2020-06-27T21:45:00Z,XBTUSD,8937.500000,8939.000000,8937.000000,8939.000000,828274,
2020-06-27T21:46:00Z,XBTUSD,8939.000000,8947.500000,8938.500000,8947.500000,1023283,
2020-06-27T21:47:00Z,XBTUSD,8947.500000,8958.000000,8947.000000,8958.000000,806959,
2020-06-27T21:48:00Z,XBTUSD,8958.000000,8958.000000,8957.500000,8958.000000,690683,
2020-06-27T21:49:00Z,XBTUSD,8958.000000,8958.000000,8957.500000,8957.500000,21308,
2020-06-27T21:50:00Z,XBTUSD,8957.500000,8958.000000,8957.500000,8957.500000,265348,
2020-06-27T21:51:00Z,XBTUSD,8957.500000,8958.000000,8957.500000,8958.000000,230693,
2020-06-27T21:52:00Z,XBTUSD,8958.000000,8958.000000,8957.500000,8957.500000,102605,
2020-06-27T21:53:00Z,XBTUSD,8957.500000,8959.000000,8957.500000,8959.000000,352879,
2020-06-27T21:54:00Z,XBTUSD,8959.000000,8960.000000,8958.500000,8960.000000,433381,
2020-06-27T21:55:00Z,XBTUSD,8960.000000,8965.000000,8960.000000,8964.500000,2923626,
2020-06-27T21:56:00Z,XBTUSD,8964.500000,8972.500000,8964.500000,8972.500000,1275600,
2020-06-27T21:57:00Z,XBTUSD,8972.500000,9079.000000,8972.000000,9054.500000,29743283,
2020-06-27T21:58:00Z,XBTUSD,9054.500000,9070.000000,9036.500000,9047.000000,9755730,
2020-06-27T21:59:00Z,XBTUSD,9047.000000,9079.000000,9046.500000,9046.500000,7327014,
2020-06-27T22:00:00Z,XBTUSD,9046.500000,9050.000000,9046.500000,9049.000000,1444813,
2020-06-27T22:01:00Z,XBTUSD,9049.000000,9058.000000,9045.000000,9056.500000,2823236,
2020-06-27T22:02:00Z,XBTUSD,9056.500000,9060.000000,9055.000000,9055.000000,2474644,
2020-06-27T22:03:00Z,XBTUSD,9055.000000,9055.500000,9054.500000,9054.500000,642738,
2020-06-27T22:04:00Z,XBTUSD,9054.500000,9054.000000,9041.000000,9042.500000,2323109,
2020-06-27T22:05:00Z,XBTUSD,9042.500000,9042.500000,9036.000000,9036.500000,2442502,
2020-06-27T22:06:00Z,XBTUSD,9036.500000,9036.500000,9036.000000,9036.000000,899368,
2020-06-27T22:07:00Z,XBTUSD,9036.000000,9038.000000,9030.000000,9038.000000,2217255,
2020-06-27T22:08:00Z,XBTUSD,9038.000000,9038.000000,9037.500000,9037.500000,161223,
2020-06-27T22:09:00Z,XBTUSD,9037.500000,9039.000000,9037.500000,9039.000000,452493,
2020-06-27T22:10:00Z,XBTUSD,9039.000000,9039.000000,9038.500000,9038.500000,116007,
2020-06-27T22:11:00Z,XBTUSD,9038.500000,9039.000000,9028.500000,9028.500000,1599841,
2020-06-27T22:12:00Z,XBTUSD,9028.500000,9029.000000,9026.000000,9026.000000,655907,
2020-06-27T22:13:00Z,XBTUSD,9026.000000,9035.000000,9025.000000,9034.500000,1687777,
2020-06-27T22:14:00Z,XBTUSD,9034.500000,9035.000000,9034.500000,9035.000000,325304,
2020-06-27T22:15:00Z,XBTUSD,9035.000000,9040.000000,9035.000000,9040.000000,649373,
2020-06-27T22:16:00Z,XBTUSD,9040.000000,9041.000000,9039.500000,9040.000000,792586,
2020-06-27T22:17:00Z,XBTUSD,9040.000000,9040.000000,9036.000000,9036.500000,259907,
2020-06-27T22:18:00Z,XBTUSD,9036.500000,9036.500000,9031.000000,9031.000000,637112,
2020-06-27T22:19:00Z,XBTUSD,9031.000000,9031.000000,9027.000000,9027.000000,248883,
2020-06-27T22:20:00Z,XBTUSD,9027.000000,9027.500000,9027.000000,9027.500000,574069,
2020-06-27T22:21:00Z,XBTUSD,9027.500000,9039.000000,9027.000000,9038.500000,811309,
2020-06-27T22:22:00Z,XBTUSD,9038.500000,9039.000000,9038.500000,9038.500000,209996,
2020-06-27T22:23:00Z,XBTUSD,9038.500000,9039.000000,9038.500000,9038.500000,136680,
2020-06-27T22:24:00Z,XBTUSD,9038.500000,9038.500000,8993.000000,9006.000000,10802633,
2020-06-27T22:25:00Z,XBTUSD,9006.000000,9006.000000,8984.500000,8989.500000,4481608,
2020-06-27T22:26:00Z,XBTUSD,8989.500000,8998.500000,8989.000000,8998.500000,964219,
2020-06-27T22:27:00Z,XBTUSD,8998.500000,9004.000000,8998.000000,9001.500000,1809048,
2020-06-27T22:28:00Z,XBTUSD,9001.500000,9001.500000,8990.500000,8990.500000,762734,
2020-06-27T22:29:00Z,XBTUSD,8990.500000,8991.000000,8966.000000,8968.000000,7173613,
2020-06-27T22:30:00Z,XBTUSD,8968.000000,8979.500000,8967.500000,8976.500000,2299861,
2020-06-27T22:31:00Z,XBTUSD,8976.500000,8990.000000,8976.000000,8990.000000,1456908,
2020-06-27T22:32:00Z,XBTUSD,8990.000000,8990.000000,8986.000000,8986.000000,546735,
2020-06-27T22:33:00Z,XBTUSD,8986.000000,8991.000000,8986.000000,8991.000000,645786,
2020-06-27T22:34:00Z,XBTUSD,8991.000000,8998.000000,8991.000000,8991.500000,1536468,
2020-06-27T22:35:00Z,XBTUSD,8991.500000,8991.500000,8980.000000,8991.000000,1348864,
2020-06-27T22:36:00Z,XBTUSD,8991.000000,8994.500000,8979.500000,8980.000000,1422534,
2020-06-27T22:37:00Z,XBTUSD,8980.000000,8980.000000,8974.000000,8978.000000,925806,
2020-06-27T22:38:00Z,XBTUSD,8978.000000,8986.000000,8978.000000,8986.000000,973196,
2020-06-27T22:39:00Z,XBTUSD,8986.000000,8986.000000,8985.500000,8986.000000,61696,
2020-06-27T22:40:00Z,XBTUSD,8986.000000,8989.500000,8986.000000,8989.500000,1392153,
2020-06-27T22:41:00Z,XBTUSD,8989.500000,8990.000000,8989.000000,8990.000000,545890,
2020-06-27T22:42:00Z,XBTUSD,8990.000000,8993.000000,8990.000000,8993.000000,343234,
2020-06-27T22:43:00Z,XBTUSD,8993.000000,8993.000000,8991.000000,8991.000000,299710,
2020-06-27T22:44:00Z,XBTUSD,8991.000000,8991.500000,8989.500000,8989.500000,191478,
2020-06-27T22:45:00Z,XBTUSD,8989.500000,8989.500000,8989.000000,8989.000000,166331,
2020-06-27T22:46:00Z,XBTUSD,8989.000000,8989.500000,8989.000000,8989.500000,144502,
2020-06-27T22:47:00Z,XBTUSD,8989.500000,8989.500000,8989.000000,8989.000000,73256,
2020-06-27T22:48:00Z,XBTUSD,8989.000000,8993.500000,8989.000000,8993.500000,684060,
2020-06-27T22:49:00Z,XBTUSD,8993.500000,8993.500000,8993.000000,8993.500000,626142,
2020-06-27T22:50:00Z,XBTUSD,8993.500000,8995.500000,8993.000000,8995.000000,509809,
2020-06-27T22:51:00Z,XBTUSD,8995.000000,8996.500000,8995.500000,8996.000000,517608,
2020-06-27T22:52:00Z,XBTUSD,8996.000000,8996.000000,8990.000000,8990.000000,369507,
2020-06-27T22:53:00Z,XBTUSD,8990.000000,8990.500000,8971.500000,8971.500000,1193136,
2020-06-27T22:54:00Z,XBTUSD,8971.500000,8971.500000,8965.000000,8966.500000,1373809,
2020-06-27T22:55:00Z,XBTUSD,8966.500000,8967.500000,8966.000000,8967.500000,386937,
2020-06-27T22:56:00Z,XBTUSD,8967.500000,8967.500000,8950.000000,8958.500000,3104218,
2020-06-27T22:57:00Z,XBTUSD,8958.500000,8964.000000,8958.000000,8962.000000,686561,
2020-06-27T22:58:00Z,XBTUSD,8962.000000,8969.500000,8961.500000,8969.000000,4227571,
2020-06-27T22:59:00Z,XBTUSD,8969.000000,8972.500000,8969.000000,8972.000000,805805,
2020-06-27T23:00:00Z,XBTUSD,8972.000000,8972.000000,8960.000000,8960.000000,936968,
2020-06-27T23:01:00Z,XBTUSD,8960.000000,8968.000000,8960.000000,8966.000000,542241,
2020-06-27T23:02:00Z,XBTUSD,8966.000000,8966.000000,8931.000000,8948.500000,4629555,
2020-06-27T23:03:00Z,XBTUSD,8948.500000,8951.500000,8946.000000,8951.500000,947799,
2020-06-27T23:04:00Z,XBTUSD,8951.500000,8951.500000,8946.000000,8946.500000,1081812,
2020-06-27T23:05:00Z,XBTUSD,8946.500000,8946.000000,8940.500000,8943.000000,1418819,
2020-06-27T23:06:00Z,XBTUSD,8943.000000,8963.500000,8942.500000,8963.500000,1656606,
2020-06-27T23:07:00Z,XBTUSD,8963.500000,8965.500000,8963.000000,8965.500000,306332,
2020-06-27T23:08:00Z,XBTUSD,8965.500000,8970.500000,8965.000000,8970.500000,815636,
2020-06-27T23:09:00Z,XBTUSD,8970.500000,8970.500000,8964.000000,8964.500000,789827,
2020-06-27T23:10:00Z,XBTUSD,8964.500000,8964.500000,8964.000000,8964.000000,147798,
2020-06-27T23:11:00Z,XBTUSD,8964.000000,8964.500000,8964.000000,8964.500000,181806,
2020-06-27T23:12:00Z,XBTUSD,8964.500000,8964.500000,8964.000000,8964.500000,78277,
2020-06-27T23:13:00Z,XBTUSD,8964.500000,8964.500000,8964.000000,8964.000000,450365,
2020-06-27T23:14:00Z,XBTUSD,8964.000000,8964.500000,8964.000000,8964.500000,31788,
2020-06-27T23:15:00Z,XBTUSD,8964.500000,8979.500000,8964.000000,8979.500000,1562420,
2020-06-27T23:16:00Z,XBTUSD,8979.500000,8980.000000,8979.000000,8980.000000,445049,
2020-06-27T23:17:00Z,XBTUSD,8980.000000,8980.000000,8979.500000,8980.000000,480115,
2020-06-27T23:18:00Z,XBTUSD,8980.000000,8985.000000,8980.000000,8985.000000,2996855,
2020-06-27T23:19:00Z,XBTUSD,8985.000000,8985.000000,8984.500000,8985.000000,814394,
2020-06-27T23:20:00Z,XBTUSD,8985.000000,8985.000000,8984.500000,8985.000000,522288,
2020-06-27T23:21:00Z,XBTUSD,8985.000000,8985.000000,8984.500000,8985.000000,210198,
2020-06-27T23:22:00Z,XBTUSD,8985.000000,8985.000000,8983.500000,8983.500000,1229024,
2020-06-27T23:23:00Z,XBTUSD,8983.500000,8984.000000,8976.500000,8976.500000,792819,
2020-06-27T23:24:00Z,XBTUSD,8976.500000,8979.500000,8976.500000,8979.500000,405137,
2020-06-27T23:25:00Z,XBTUSD,8979.500000,8983.000000,8979.000000,8983.000000,186705,
2020-06-27T23:26:00Z,XBTUSD,8983.000000,8983.500000,8983.000000,8983.500000,197192,
2020-06-27T23:27:00Z,XBTUSD,8983.500000,8983.500000,8983.000000,8983.000000,80423,
2020-06-27T23:28:00Z,XBTUSD,8983.000000,8985.000000,8983.000000,8984.500000,254765,
2020-06-27T23:29:00Z,XBTUSD,8984.500000,8985.000000,8980.000000,8980.500000,317272,
2020-06-27T23:30:00Z,XBTUSD,8980.500000,8980.500000,8970.500000,8970.500000,794433,
2020-06-27T23:31:00Z,XBTUSD,8970.500000,8983.000000,8970.500000,8983.000000,764997,
2020-06-27T23:32:00Z,XBTUSD,8983.000000,8988.500000,8982.500000,8988.500000,681468,
2020-06-27T23:33:00Z,XBTUSD,8988.500000,8996.000000,8988.500000,8996.000000,1107717,
2020-06-27T23:34:00Z,XBTUSD,8996.000000,9004.000000,8995.500000,9000.500000,1593784,
2020-06-27T23:35:00Z,XBTUSD,9000.500000,9000.500000,9000.000000,9000.000000,208941,
2020-06-27T23:36:00Z,XBTUSD,9000.000000,9003.000000,8988.500000,8988.500000,625604,
2020-06-27T23:37:00Z,XBTUSD,8988.500000,9004.000000,8988.000000,9003.500000,361210,
2020-06-27T23:38:00Z,XBTUSD,9003.500000,9028.500000,9004.000000,9023.500000,5626665,
2020-06-27T23:39:00Z,XBTUSD,9023.500000,9035.500000,9023.000000,9025.000000,6454514,
2020-06-27T23:40:00Z,XBTUSD,9025.000000,9025.500000,9013.000000,9013.000000,3392187,
2020-06-27T23:41:00Z,XBTUSD,9013.000000,9013.500000,9006.500000,9011.500000,1550087,
2020-06-27T23:42:00Z,XBTUSD,9011.500000,9011.500000,9011.000000,9011.000000,184093,
2020-06-27T23:43:00Z,XBTUSD,9011.000000,9011.500000,9008.000000,9008.000000,339941,
2020-06-27T23:44:00Z,XBTUSD,9008.000000,9008.500000,9008.000000,9008.500000,368129,
2020-06-27T23:45:00Z,XBTUSD,9008.500000,9010.000000,9008.000000,9010.000000,293033,
2020-06-27T23:46:00Z,XBTUSD,9010.000000,9010.000000,9009.500000,9010.000000,673711,
2020-06-27T23:47:00Z,XBTUSD,9010.000000,9010.000000,9004.000000,9004.000000,817800,
2020-06-27T23:48:00Z,XBTUSD,9004.000000,9004.500000,9004.000000,9004.000000,94229,
2020-06-27T23:49:00Z,XBTUSD,9004.000000,9004.000000,8995.500000,8996.000000,1486132,
2020-06-27T23:50:00Z,XBTUSD,8996.000000,8996.000000,8995.000000,8995.000000,403869,
2020-06-27T23:51:00Z,XBTUSD,8995.000000,8995.500000,8995.000000,8995.500000,187416,
2020-06-27T23:52:00Z,XBTUSD,8995.500000,9000.000000,8995.500000,9000.000000,300428,
2020-06-27T23:53:00Z,XBTUSD,9000.000000,9000.000000,8992.000000,8992.500000,759336,
2020-06-27T23:54:00Z,XBTUSD,8992.500000,8992.500000,8992.000000,8992.500000,210485,
2020-06-27T23:55:00Z,XBTUSD,8992.500000,8997.500000,8992.500000,8997.000000,613620,
2020-06-27T23:56:00Z,XBTUSD,8997.000000,8997.500000,8997.000000,8997.500000,196799,
2020-06-27T23:57:00Z,XBTUSD,8997.500000,8997.500000,8997.000000,8997.000000,170392,
2020-06-27T23:58:00Z,XBTUSD,8997.000000,8997.500000,8997.000000,8997.000000,79525,
2020-06-27T23:59:00Z,XBTUSD,8997.000000,8997.500000,8997.000000,8997.500000,70112,
